DateTime, Temperature (Celcius)
2017-03-27 00:00:23 +0800, 21.295454
2017-03-27 00:00:47 +0800, 21.204546
2017-03-27 00:01:12 +0800, 21.295454
2017-03-27 00:01:36 +0800, 21.159090
2017-03-27 00:02:01 +0800, 21.227272
2017-03-27 00:02:25 +0800, 21.431818
2017-03-27 00:02:50 +0800, 21.204546
2017-03-27 00:03:14 +0800, 21.204546
2017-03-27 00:03:39 +0800, 21.250000
2017-03-27 00:04:03 +0800, 21.295454
2017-03-27 00:04:28 +0800, 21.250000
2017-03-27 00:04:52 +0800, 21.295454
2017-03-27 00:05:17 +0800, 21.204546
2017-03-27 00:05:41 +0800, 21.136364
2017-03-27 00:06:06 +0800, 21.204546
2017-03-27 00:06:30 +0800, 21.272728
2017-03-27 00:06:55 +0800, 21.136364
2017-03-27 00:07:19 +0800, 21.090910
2017-03-27 00:07:44 +0800, 21.250000
2017-03-27 00:08:08 +0800, 21.113636
2017-03-27 00:08:33 +0800, 21.363636
2017-03-27 00:08:57 +0800, 21.363636
2017-03-27 00:09:21 +0800, 21.204546
2017-03-27 00:09:46 +0800, 21.386364
2017-03-27 00:10:10 +0800, 21.250000
2017-03-27 00:10:35 +0800, 21.227272
2017-03-27 00:10:59 +0800, 21.295454
2017-03-27 00:11:24 +0800, 21.295454
2017-03-27 00:11:48 +0800, 21.272728
2017-03-27 00:12:13 +0800, 21.090910
2017-03-27 00:12:37 +0800, 21.181818
2017-03-27 00:13:02 +0800, 21.204546
2017-03-27 00:13:26 +0800, 21.227272
2017-03-27 00:13:51 +0800, 21.136364
2017-03-27 00:14:15 +0800, 21.318182
2017-03-27 00:14:40 +0800, 21.227272
2017-03-27 00:15:04 +0800, 21.181818
2017-03-27 00:15:29 +0800, 21.090910
2017-03-27 00:15:53 +0800, 21.295454
2017-03-27 00:16:18 +0800, 21.090910
2017-03-27 00:16:42 +0800, 21.295454
2017-03-27 00:17:07 +0800, 21.227272
2017-03-27 00:17:31 +0800, 21.272728
2017-03-27 00:17:56 +0800, 21.068182
2017-03-27 00:18:20 +0800, 21.227272
2017-03-27 00:18:45 +0800, 21.340910
2017-03-27 00:19:09 +0800, 21.136364
2017-03-27 00:19:34 +0800, 21.159090
2017-03-27 00:19:58 +0800, 21.068182
2017-03-27 00:20:23 +0800, 21.090910
2017-03-27 00:20:47 +0800, 21.250000
2017-03-27 00:21:12 +0800, 21.181818
2017-03-27 00:21:36 +0800, 21.204546
2017-03-27 00:22:00 +0800, 21.136364
2017-03-27 00:22:25 +0800, 21.136364
2017-03-27 00:22:49 +0800, 21.204546
2017-03-27 00:23:14 +0800, 21.113636
2017-03-27 00:23:38 +0800, 21.272728
2017-03-27 00:24:03 +0800, 21.250000
2017-03-27 00:24:27 +0800, 21.090910
2017-03-27 00:24:52 +0800, 21.204546
2017-03-27 00:25:16 +0800, 21.227272
2017-03-27 00:25:41 +0800, 21.136364
2017-03-27 00:26:05 +0800, 21.068182
2017-03-27 00:26:30 +0800, 21.159090
2017-03-27 00:26:54 +0800, 21.250000
2017-03-27 00:27:19 +0800, 21.090910
2017-03-27 00:27:43 +0800, 21.204546
2017-03-27 00:28:08 +0800, 21.204546
2017-03-27 00:28:32 +0800, 21.113636
2017-03-27 00:28:57 +0800, 21.204546
2017-03-27 00:29:21 +0800, 21.318182
2017-03-27 00:29:46 +0800, 21.295454
2017-03-27 00:30:10 +0800, 20.954546
2017-03-27 00:30:35 +0800, 21.159090
2017-03-27 00:30:59 +0800, 21.704546
2017-03-27 00:31:24 +0800, 22.181818
2017-03-27 00:31:48 +0800, 23.386364
2017-03-27 00:32:13 +0800, 24.727272
2017-03-27 00:32:37 +0800, 25.909090
2017-03-27 00:33:02 +0800, 27.454546
2017-03-27 00:33:26 +0800, 28.840910
2017-03-27 00:33:51 +0800, 29.954546
2017-03-27 00:34:15 +0800, 30.931818
2017-03-27 00:34:39 +0800, 32.181820
2017-03-27 00:35:04 +0800, 33.295456
2017-03-27 00:35:28 +0800, 34.159092
2017-03-27 00:35:53 +0800, 34.909092
2017-03-27 00:36:17 +0800, 35.772728
2017-03-27 00:36:42 +0800, 36.318180
2017-03-27 00:37:06 +0800, 36.931820
2017-03-27 00:37:31 +0800, 37.454544
2017-03-27 00:37:55 +0800, 37.840908
2017-03-27 00:38:20 +0800, 38.340908
2017-03-27 00:38:44 +0800, 38.681820
2017-03-27 00:39:09 +0800, 38.818180
2017-03-27 00:39:33 +0800, 39.272728
2017-03-27 00:39:58 +0800, 39.522728
2017-03-27 00:40:22 +0800, 39.636364
2017-03-27 00:40:47 +0800, 39.750000
2017-03-27 00:41:11 +0800, 40.022728
2017-03-27 00:41:36 +0800, 39.954544
2017-03-27 00:42:00 +0800, 40.090908
2017-03-27 00:42:25 +0800, 40.295456
2017-03-27 00:42:49 +0800, 40.409092
2017-03-27 00:43:14 +0800, 40.545456
2017-03-27 00:43:38 +0800, 40.477272
2017-03-27 00:44:03 +0800, 40.568180
2017-03-27 00:44:27 +0800, 40.568180
2017-03-27 00:44:52 +0800, 40.590908
2017-03-27 00:45:16 +0800, 40.818180
2017-03-27 00:45:41 +0800, 40.750000
2017-03-27 00:46:05 +0800, 40.750000
2017-03-27 00:46:29 +0800, 40.750000
2017-03-27 00:46:54 +0800, 40.750000
2017-03-27 00:47:18 +0800, 40.727272
2017-03-27 00:47:43 +0800, 40.750000
2017-03-27 00:48:07 +0800, 40.727272
2017-03-27 00:48:32 +0800, 40.772728
2017-03-27 00:48:56 +0800, 40.750000
2017-03-27 00:49:21 +0800, 40.795456
2017-03-27 00:49:45 +0800, 40.750000
2017-03-27 00:50:10 +0800, 40.750000
2017-03-27 00:50:34 +0800, 40.704544
2017-03-27 00:50:59 +0800, 40.772728
2017-03-27 00:51:23 +0800, 40.772728
2017-03-27 00:51:48 +0800, 40.795456
2017-03-27 00:52:12 +0800, 40.795456
2017-03-27 00:52:37 +0800, 40.909092
2017-03-27 00:53:01 +0800, 40.840908
2017-03-27 00:53:26 +0800, 40.909092
2017-03-27 00:53:50 +0800, 40.931820
2017-03-27 00:54:15 +0800, 40.909092
2017-03-27 00:54:39 +0800, 40.931820
2017-03-27 00:55:04 +0800, 41.113636
2017-03-27 00:55:28 +0800, 40.909092
2017-03-27 00:55:53 +0800, 40.931820
2017-03-27 00:56:17 +0800, 41.090908
2017-03-27 00:56:42 +0800, 40.818180
2017-03-27 00:57:06 +0800, 40.977272
2017-03-27 00:57:31 +0800, 41.022728
2017-03-27 00:57:55 +0800, 40.977272
2017-03-27 00:58:20 +0800, 40.863636
2017-03-27 00:58:44 +0800, 40.909092
2017-03-27 00:59:08 +0800, 40.954544
2017-03-27 00:59:33 +0800, 41.068180
2017-03-27 00:59:57 +0800, 41.000000
2017-03-27 01:00:22 +0800, 40.886364
2017-03-27 01:00:46 +0800, 40.954544
2017-03-27 01:01:11 +0800, 41.000000
2017-03-27 01:01:35 +0800, 41.045456
2017-03-27 01:02:00 +0800, 41.113636
2017-03-27 01:02:24 +0800, 41.068180
2017-03-27 01:02:49 +0800, 40.977272
2017-03-27 01:03:13 +0800, 41.159092
2017-03-27 01:03:38 +0800, 41.090908
2017-03-27 01:04:02 +0800, 41.250000
2017-03-27 01:04:27 +0800, 41.000000
2017-03-27 01:04:51 +0800, 40.954544
2017-03-27 01:05:16 +0800, 40.931820
2017-03-27 01:05:40 +0800, 41.022728
2017-03-27 01:06:05 +0800, 41.159092
2017-03-27 01:06:29 +0800, 41.022728
2017-03-27 01:06:54 +0800, 40.954544
2017-03-27 01:07:18 +0800, 41.068180
2017-03-27 01:07:43 +0800, 41.022728
2017-03-27 01:08:07 +0800, 41.000000
2017-03-27 01:08:32 +0800, 41.090908
2017-03-27 01:08:56 +0800, 41.000000
2017-03-27 01:09:21 +0800, 41.136364
2017-03-27 01:09:45 +0800, 41.204544
2017-03-27 01:10:10 +0800, 41.181820
2017-03-27 01:10:34 +0800, 41.136364
2017-03-27 01:10:59 +0800, 41.136364
2017-03-27 01:11:23 +0800, 41.159092
2017-03-27 01:11:47 +0800, 41.295456
2017-03-27 01:12:12 +0800, 41.159092
2017-03-27 01:12:36 +0800, 41.181820
2017-03-27 01:13:01 +0800, 41.159092
2017-03-27 01:13:25 +0800, 41.363636
2017-03-27 01:13:50 +0800, 41.181820
2017-03-27 01:14:14 +0800, 41.295456
2017-03-27 01:14:39 +0800, 41.295456
2017-03-27 01:15:03 +0800, 41.318180
2017-03-27 01:15:28 +0800, 41.068180
2017-03-27 01:15:52 +0800, 41.204544
2017-03-27 01:16:17 +0800, 41.295456
2017-03-27 01:16:41 +0800, 41.227272
2017-03-27 01:17:06 +0800, 41.227272
2017-03-27 01:17:30 +0800, 41.136364
2017-03-27 01:17:55 +0800, 41.090908
2017-03-27 01:18:19 +0800, 41.113636
2017-03-27 01:18:44 +0800, 41.113636
2017-03-27 01:19:08 +0800, 41.068180
2017-03-27 01:19:33 +0800, 41.113636
2017-03-27 01:19:57 +0800, 40.909092
2017-03-27 01:20:22 +0800, 41.181820
2017-03-27 01:20:46 +0800, 41.113636
2017-03-27 01:21:11 +0800, 41.000000
2017-03-27 01:21:35 +0800, 41.250000
2017-03-27 01:22:00 +0800, 41.068180
2017-03-27 01:22:24 +0800, 41.068180
2017-03-27 01:22:49 +0800, 40.977272
2017-03-27 01:23:13 +0800, 41.045456
2017-03-27 01:23:38 +0800, 40.977272
2017-03-27 01:24:02 +0800, 41.136364
2017-03-27 01:24:26 +0800, 41.136364
2017-03-27 01:24:51 +0800, 41.136364
2017-03-27 01:25:15 +0800, 41.045456
2017-03-27 01:25:40 +0800, 40.954544
2017-03-27 01:26:04 +0800, 41.136364
2017-03-27 01:26:29 +0800, 41.045456
2017-03-27 01:26:53 +0800, 41.227272
2017-03-27 01:27:18 +0800, 41.295456
2017-03-27 01:27:42 +0800, 41.159092
2017-03-27 01:28:07 +0800, 41.227272
2017-03-27 01:28:31 +0800, 41.227272
2017-03-27 01:28:56 +0800, 41.295456
2017-03-27 01:29:20 +0800, 41.159092
2017-03-27 01:29:45 +0800, 41.272728
2017-03-27 01:30:09 +0800, 41.113636
2017-03-27 01:30:34 +0800, 41.159092
2017-03-27 01:30:58 +0800, 41.113636
2017-03-27 01:31:23 +0800, 41.318180
2017-03-27 01:31:47 +0800, 41.022728
2017-03-27 01:32:12 +0800, 41.227272
2017-03-27 01:32:36 +0800, 41.204544
2017-03-27 01:33:01 +0800, 41.136364
2017-03-27 01:33:25 +0800, 41.136364
2017-03-27 01:33:50 +0800, 41.136364
2017-03-27 01:34:14 +0800, 41.204544
2017-03-27 01:34:39 +0800, 41.159092
2017-03-27 01:35:03 +0800, 41.159092
2017-03-27 01:35:28 +0800, 41.181820
2017-03-27 01:35:52 +0800, 41.181820
2017-03-27 01:36:17 +0800, 41.250000
2017-03-27 01:36:41 +0800, 41.113636
2017-03-27 01:37:05 +0800, 41.204544
2017-03-27 01:37:30 +0800, 41.227272
2017-03-27 01:37:54 +0800, 41.409092
2017-03-27 01:38:19 +0800, 41.272728
2017-03-27 01:38:43 +0800, 41.295456
2017-03-27 01:39:08 +0800, 41.250000
2017-03-27 01:39:32 +0800, 41.204544
2017-03-27 01:39:57 +0800, 41.227272
2017-03-27 01:40:21 +0800, 41.272728
2017-03-27 01:40:46 +0800, 41.250000
2017-03-27 01:41:10 +0800, 41.409092
2017-03-27 01:41:35 +0800, 40.977272
2017-03-27 01:41:59 +0800, 41.204544
2017-03-27 01:42:24 +0800, 41.272728
2017-03-27 01:42:48 +0800, 41.386364
2017-03-27 01:43:13 +0800, 41.318180
2017-03-27 01:43:37 +0800, 41.340908
2017-03-27 01:44:02 +0800, 41.340908
2017-03-27 01:44:26 +0800, 41.227272
2017-03-27 01:44:51 +0800, 41.181820
2017-03-27 01:45:15 +0800, 41.181820
2017-03-27 01:45:40 +0800, 41.159092
2017-03-27 01:46:04 +0800, 41.159092
2017-03-27 01:46:29 +0800, 41.204544
2017-03-27 01:46:53 +0800, 41.090908
2017-03-27 01:47:18 +0800, 41.068180
2017-03-27 01:47:42 +0800, 41.227272
2017-03-27 01:48:07 +0800, 41.272728
2017-03-27 01:48:31 +0800, 41.204544
2017-03-27 01:48:55 +0800, 41.181820
2017-03-27 01:49:20 +0800, 41.181820
2017-03-27 01:49:44 +0800, 41.181820
2017-03-27 01:50:09 +0800, 41.295456
2017-03-27 01:50:33 +0800, 41.272728
2017-03-27 01:50:58 +0800, 41.295456
2017-03-27 01:51:22 +0800, 41.272728
2017-03-27 01:51:47 +0800, 41.136364
2017-03-27 01:52:11 +0800, 41.113636
2017-03-27 01:52:36 +0800, 41.181820
2017-03-27 01:53:00 +0800, 41.136364
2017-03-27 01:53:25 +0800, 41.181820
2017-03-27 01:53:49 +0800, 41.159092
2017-03-27 01:54:14 +0800, 41.136364
2017-03-27 01:54:38 +0800, 41.181820
2017-03-27 01:55:03 +0800, 41.022728
2017-03-27 01:55:27 +0800, 41.090908
2017-03-27 01:55:52 +0800, 41.136364
2017-03-27 01:56:16 +0800, 41.250000
2017-03-27 01:56:41 +0800, 41.136364
2017-03-27 01:57:05 +0800, 41.113636
2017-03-27 01:57:30 +0800, 41.272728
2017-03-27 01:57:54 +0800, 41.204544
2017-03-27 01:58:19 +0800, 41.113636
2017-03-27 01:58:43 +0800, 41.181820
2017-03-27 01:59:08 +0800, 41.136364
2017-03-27 01:59:32 +0800, 41.068180
2017-03-27 01:59:57 +0800, 41.295456
2017-03-27 02:00:21 +0800, 41.090908
2017-03-27 02:00:46 +0800, 41.181820
2017-03-27 02:01:10 +0800, 41.090908
2017-03-27 02:01:34 +0800, 41.000000
2017-03-27 02:01:59 +0800, 41.227272
2017-03-27 02:02:23 +0800, 41.318180
2017-03-27 02:02:48 +0800, 41.181820
2017-03-27 02:03:12 +0800, 41.363636
2017-03-27 02:03:37 +0800, 41.477272
2017-03-27 02:04:01 +0800, 41.431820
2017-03-27 02:04:26 +0800, 41.340908
2017-03-27 02:04:50 +0800, 41.409092
2017-03-27 02:05:15 +0800, 41.204544
2017-03-27 02:05:39 +0800, 41.181820
2017-03-27 02:06:04 +0800, 41.409092
2017-03-27 02:06:28 +0800, 41.454544
2017-03-27 02:06:53 +0800, 41.409092
2017-03-27 02:07:17 +0800, 41.340908
2017-03-27 02:07:42 +0800, 41.340908
2017-03-27 02:08:06 +0800, 41.386364
2017-03-27 02:08:31 +0800, 41.250000
2017-03-27 02:08:55 +0800, 41.431820
2017-03-27 02:09:20 +0800, 41.181820
2017-03-27 02:09:44 +0800, 41.204544
2017-03-27 02:10:09 +0800, 41.363636
2017-03-27 02:10:33 +0800, 41.113636
2017-03-27 02:10:58 +0800, 41.227272
2017-03-27 02:11:22 +0800, 41.250000
2017-03-27 02:11:47 +0800, 41.227272
2017-03-27 02:12:11 +0800, 41.204544
2017-03-27 02:12:36 +0800, 41.318180
2017-03-27 02:13:00 +0800, 41.181820
2017-03-27 02:13:25 +0800, 41.409092
2017-03-27 02:13:49 +0800, 41.250000
2017-03-27 02:14:13 +0800, 41.181820
2017-03-27 02:14:38 +0800, 41.090908
2017-03-27 02:15:02 +0800, 41.340908
2017-03-27 02:15:27 +0800, 41.136364
2017-03-27 02:15:51 +0800, 41.340908
2017-03-27 02:16:16 +0800, 41.295456
2017-03-27 02:16:40 +0800, 41.295456
2017-03-27 02:17:05 +0800, 41.159092
2017-03-27 02:17:29 +0800, 41.318180
2017-03-27 02:17:54 +0800, 41.409092
2017-03-27 02:18:18 +0800, 41.295456
2017-03-27 02:18:43 +0800, 41.204544
2017-03-27 02:19:07 +0800, 41.363636
2017-03-27 02:19:32 +0800, 41.318180
2017-03-27 02:19:56 +0800, 41.386364
2017-03-27 02:20:21 +0800, 41.431820
2017-03-27 02:20:45 +0800, 41.295456
2017-03-27 02:21:10 +0800, 41.272728
2017-03-27 02:21:34 +0800, 41.227272
2017-03-27 02:21:59 +0800, 41.295456
2017-03-27 02:22:23 +0800, 41.204544
2017-03-27 02:22:48 +0800, 41.318180
2017-03-27 02:23:12 +0800, 41.363636
2017-03-27 02:23:37 +0800, 41.250000
2017-03-27 02:24:01 +0800, 41.295456
2017-03-27 02:24:26 +0800, 41.431820
2017-03-27 02:24:50 +0800, 41.454544
2017-03-27 02:25:15 +0800, 41.431820
2017-03-27 02:25:39 +0800, 41.386364
2017-03-27 02:26:04 +0800, 41.409092
2017-03-27 02:26:28 +0800, 41.272728
2017-03-27 02:26:52 +0800, 41.113636
2017-03-27 02:27:17 +0800, 41.340908
2017-03-27 02:27:41 +0800, 41.409092
2017-03-27 02:28:06 +0800, 41.295456
2017-03-27 02:28:30 +0800, 41.136364
2017-03-27 02:28:55 +0800, 41.227272
2017-03-27 02:29:19 +0800, 41.136364
2017-03-27 02:29:44 +0800, 41.386364
2017-03-27 02:30:08 +0800, 41.181820
2017-03-27 02:30:33 +0800, 41.272728
2017-03-27 02:30:57 +0800, 41.363636
2017-03-27 02:31:22 +0800, 41.295456
2017-03-27 02:31:46 +0800, 41.386364
2017-03-27 02:32:11 +0800, 41.431820
2017-03-27 02:32:35 +0800, 41.113636
2017-03-27 02:33:00 +0800, 41.409092
2017-03-27 02:33:24 +0800, 41.363636
2017-03-27 02:33:49 +0800, 41.386364
2017-03-27 02:34:13 +0800, 41.386364
2017-03-27 02:34:38 +0800, 41.340908
2017-03-27 02:35:02 +0800, 41.318180
2017-03-27 02:35:27 +0800, 41.363636
2017-03-27 02:35:51 +0800, 41.386364
2017-03-27 02:36:16 +0800, 41.363636
2017-03-27 02:36:40 +0800, 41.340908
2017-03-27 02:37:05 +0800, 41.363636
2017-03-27 02:37:29 +0800, 41.159092
2017-03-27 02:37:54 +0800, 41.386364
2017-03-27 02:38:18 +0800, 41.295456
2017-03-27 02:38:43 +0800, 41.454544
2017-03-27 02:39:07 +0800, 41.431820
2017-03-27 02:39:31 +0800, 41.613636
2017-03-27 02:39:56 +0800, 41.431820
2017-03-27 02:40:20 +0800, 41.477272
2017-03-27 02:40:45 +0800, 41.272728
2017-03-27 02:41:09 +0800, 41.409092
2017-03-27 02:41:34 +0800, 41.409092
2017-03-27 02:41:58 +0800, 41.340908
2017-03-27 02:42:23 +0800, 41.340908
2017-03-27 02:42:47 +0800, 41.227272
2017-03-27 02:43:12 +0800, 41.295456
2017-03-27 02:43:36 +0800, 41.272728
2017-03-27 02:44:01 +0800, 41.227272
2017-03-27 02:44:25 +0800, 41.409092
2017-03-27 02:44:50 +0800, 41.431820
2017-03-27 02:45:14 +0800, 41.363636
2017-03-27 02:45:39 +0800, 41.295456
2017-03-27 02:46:03 +0800, 41.340908
2017-03-27 02:46:28 +0800, 41.318180
2017-03-27 02:46:52 +0800, 41.204544
2017-03-27 02:47:17 +0800, 41.204544
2017-03-27 02:47:41 +0800, 41.136364
2017-03-27 02:48:06 +0800, 41.181820
2017-03-27 02:48:30 +0800, 41.204544
2017-03-27 02:48:55 +0800, 41.318180
2017-03-27 02:49:19 +0800, 41.250000
2017-03-27 02:49:44 +0800, 41.250000
2017-03-27 02:50:08 +0800, 41.386364
2017-03-27 02:50:33 +0800, 41.295456
2017-03-27 02:50:57 +0800, 41.340908
2017-03-27 02:51:22 +0800, 41.250000
2017-03-27 02:51:46 +0800, 41.068180
2017-03-27 02:52:10 +0800, 41.181820
2017-03-27 02:52:35 +0800, 41.022728
2017-03-27 02:52:59 +0800, 41.272728
2017-03-27 02:53:24 +0800, 41.340908
2017-03-27 02:53:48 +0800, 41.340908
2017-03-27 02:54:13 +0800, 41.477272
2017-03-27 02:54:37 +0800, 41.522728
2017-03-27 02:55:02 +0800, 41.477272
2017-03-27 02:55:26 +0800, 41.340908
2017-03-27 02:55:51 +0800, 41.500000
2017-03-27 02:56:15 +0800, 41.454544
2017-03-27 02:56:40 +0800, 41.227272
2017-03-27 02:57:04 +0800, 41.068180
2017-03-27 02:57:29 +0800, 41.227272
2017-03-27 02:57:53 +0800, 41.204544
2017-03-27 02:58:18 +0800, 41.090908
2017-03-27 02:58:42 +0800, 41.159092
2017-03-27 02:59:07 +0800, 41.204544
2017-03-27 02:59:31 +0800, 41.227272
2017-03-27 02:59:56 +0800, 41.272728
2017-03-27 03:00:20 +0800, 41.227272
2017-03-27 03:00:45 +0800, 41.113636
2017-03-27 03:01:09 +0800, 41.318180
2017-03-27 03:01:34 +0800, 41.295456
2017-03-27 03:01:58 +0800, 41.159092
2017-03-27 03:02:23 +0800, 41.295456
2017-03-27 03:02:47 +0800, 41.340908
2017-03-27 03:03:12 +0800, 41.318180
2017-03-27 03:03:36 +0800, 41.136364
2017-03-27 03:04:00 +0800, 41.318180
2017-03-27 03:04:25 +0800, 41.386364
2017-03-27 03:04:49 +0800, 41.295456
2017-03-27 03:05:14 +0800, 41.250000
2017-03-27 03:05:38 +0800, 41.431820
2017-03-27 03:06:03 +0800, 41.340908
2017-03-27 03:06:27 +0800, 41.363636
2017-03-27 03:06:52 +0800, 41.386364
2017-03-27 03:07:16 +0800, 41.477272
2017-03-27 03:07:41 +0800, 41.568180
2017-03-27 03:08:05 +0800, 41.386364
2017-03-27 03:08:30 +0800, 41.204544
2017-03-27 03:08:54 +0800, 41.386364
2017-03-27 03:09:19 +0800, 41.318180
2017-03-27 03:09:43 +0800, 41.477272
2017-03-27 03:10:08 +0800, 41.386364
2017-03-27 03:10:32 +0800, 41.431820
2017-03-27 03:10:57 +0800, 41.386364
2017-03-27 03:11:21 +0800, 41.204544
2017-03-27 03:11:46 +0800, 41.409092
2017-03-27 03:12:10 +0800, 41.363636
2017-03-27 03:12:35 +0800, 41.454544
2017-03-27 03:12:59 +0800, 41.340908
2017-03-27 03:13:24 +0800, 41.409092
2017-03-27 03:13:48 +0800, 41.363636
2017-03-27 03:14:13 +0800, 41.522728
2017-03-27 03:14:37 +0800, 41.272728
2017-03-27 03:15:02 +0800, 41.272728
2017-03-27 03:15:26 +0800, 41.363636
2017-03-27 03:15:51 +0800, 41.409092
2017-03-27 03:16:15 +0800, 41.250000
2017-03-27 03:16:39 +0800, 41.318180
2017-03-27 03:17:04 +0800, 41.250000
2017-03-27 03:17:28 +0800, 41.068180
2017-03-27 03:17:53 +0800, 41.022728
2017-03-27 03:18:17 +0800, 41.340908
2017-03-27 03:18:42 +0800, 41.227272
2017-03-27 03:19:06 +0800, 41.181820
2017-03-27 03:19:31 +0800, 41.159092
2017-03-27 03:19:55 +0800, 41.295456
2017-03-27 03:20:20 +0800, 41.045456
2017-03-27 03:20:44 +0800, 41.363636
2017-03-27 03:21:09 +0800, 41.409092
2017-03-27 03:21:33 +0800, 41.318180
2017-03-27 03:21:58 +0800, 41.272728
2017-03-27 03:22:22 +0800, 41.386364
2017-03-27 03:22:47 +0800, 41.318180
2017-03-27 03:23:11 +0800, 41.159092
2017-03-27 03:23:36 +0800, 41.295456
2017-03-27 03:24:00 +0800, 41.272728
2017-03-27 03:24:25 +0800, 41.431820
2017-03-27 03:24:49 +0800, 41.295456
2017-03-27 03:25:14 +0800, 41.409092
2017-03-27 03:25:38 +0800, 41.522728
2017-03-27 03:26:03 +0800, 41.431820
2017-03-27 03:26:27 +0800, 41.590908
2017-03-27 03:26:52 +0800, 41.522728
2017-03-27 03:27:16 +0800, 41.545456
2017-03-27 03:27:41 +0800, 41.590908
2017-03-27 03:28:05 +0800, 41.340908
2017-03-27 03:28:30 +0800, 41.522728
2017-03-27 03:28:54 +0800, 41.386364
2017-03-27 03:29:18 +0800, 41.363636
2017-03-27 03:29:43 +0800, 41.204544
2017-03-27 03:30:07 +0800, 41.181820
2017-03-27 03:30:32 +0800, 41.340908
2017-03-27 03:30:56 +0800, 41.295456
2017-03-27 03:31:21 +0800, 41.113636
2017-03-27 03:31:45 +0800, 41.295456
2017-03-27 03:32:10 +0800, 41.318180
2017-03-27 03:32:34 +0800, 41.272728
2017-03-27 03:32:59 +0800, 41.363636
2017-03-27 03:33:23 +0800, 41.431820
2017-03-27 03:33:48 +0800, 41.431820
2017-03-27 03:34:12 +0800, 41.568180
2017-03-27 03:34:37 +0800, 41.636364
2017-03-27 03:35:01 +0800, 41.568180
2017-03-27 03:35:26 +0800, 41.590908
2017-03-27 03:35:50 +0800, 41.454544
2017-03-27 03:36:15 +0800, 41.318180
2017-03-27 03:36:39 +0800, 41.204544
2017-03-27 03:37:04 +0800, 41.409092
2017-03-27 03:37:28 +0800, 41.363636
2017-03-27 03:37:53 +0800, 41.227272
2017-03-27 03:38:17 +0800, 41.204544
2017-03-27 03:38:42 +0800, 41.318180
2017-03-27 03:39:06 +0800, 41.272728
2017-03-27 03:39:31 +0800, 41.318180
2017-03-27 03:39:55 +0800, 41.295456
2017-03-27 03:40:20 +0800, 41.159092
2017-03-27 03:40:44 +0800, 41.409092
2017-03-27 03:41:09 +0800, 41.250000
2017-03-27 03:41:33 +0800, 41.409092
2017-03-27 03:41:57 +0800, 41.250000
2017-03-27 03:42:22 +0800, 41.363636
2017-03-27 03:42:46 +0800, 41.340908
2017-03-27 03:43:11 +0800, 41.295456
2017-03-27 03:43:35 +0800, 41.363636
2017-03-27 03:44:00 +0800, 41.318180
2017-03-27 03:44:24 +0800, 41.295456
2017-03-27 03:44:49 +0800, 41.409092
2017-03-27 03:45:13 +0800, 41.477272
2017-03-27 03:45:38 +0800, 41.227272
2017-03-27 03:46:02 +0800, 41.295456
2017-03-27 03:46:27 +0800, 41.318180
2017-03-27 03:46:51 +0800, 41.250000
2017-03-27 03:47:16 +0800, 41.272728
2017-03-27 03:47:40 +0800, 41.363636
2017-03-27 03:48:05 +0800, 41.340908
2017-03-27 03:48:29 +0800, 41.318180
2017-03-27 03:48:54 +0800, 41.181820
2017-03-27 03:49:18 +0800, 41.295456
2017-03-27 03:49:43 +0800, 41.068180
2017-03-27 03:50:07 +0800, 41.204544
2017-03-27 03:50:32 +0800, 41.295456
2017-03-27 03:50:56 +0800, 41.318180
2017-03-27 03:51:21 +0800, 41.159092
2017-03-27 03:51:45 +0800, 41.159092
2017-03-27 03:52:10 +0800, 41.295456
2017-03-27 03:52:34 +0800, 41.318180
2017-03-27 03:52:59 +0800, 41.295456
2017-03-27 03:53:23 +0800, 41.386364
2017-03-27 03:53:48 +0800, 41.318180
2017-03-27 03:54:12 +0800, 41.454544
2017-03-27 03:54:36 +0800, 41.295456
2017-03-27 03:55:01 +0800, 41.409092
2017-03-27 03:55:25 +0800, 41.318180
2017-03-27 03:55:50 +0800, 41.181820
2017-03-27 03:56:14 +0800, 41.340908
2017-03-27 03:56:39 +0800, 41.477272
2017-03-27 03:57:03 +0800, 41.340908
2017-03-27 03:57:28 +0800, 41.386364
2017-03-27 03:57:52 +0800, 41.250000
2017-03-27 03:58:17 +0800, 41.227272
2017-03-27 03:58:41 +0800, 41.318180
2017-03-27 03:59:06 +0800, 41.318180
2017-03-27 03:59:30 +0800, 41.250000
2017-03-27 03:59:55 +0800, 41.386364
2017-03-27 04:00:19 +0800, 41.363636
2017-03-27 04:00:44 +0800, 41.159092
2017-03-27 04:01:08 +0800, 41.386364
2017-03-27 04:01:33 +0800, 41.204544
2017-03-27 04:01:57 +0800, 41.431820
2017-03-27 04:02:22 +0800, 41.363636
2017-03-27 04:02:46 +0800, 41.250000
2017-03-27 04:03:11 +0800, 41.340908
2017-03-27 04:03:35 +0800, 41.409092
2017-03-27 04:04:00 +0800, 41.250000
2017-03-27 04:04:24 +0800, 41.250000
2017-03-27 04:04:49 +0800, 41.477272
2017-03-27 04:05:13 +0800, 41.431820
2017-03-27 04:05:38 +0800, 41.295456
2017-03-27 04:06:02 +0800, 41.250000
2017-03-27 04:06:27 +0800, 41.295456
2017-03-27 04:06:51 +0800, 41.409092
2017-03-27 04:07:15 +0800, 41.386364
2017-03-27 04:07:40 +0800, 41.250000
2017-03-27 04:08:04 +0800, 41.431820
2017-03-27 04:08:29 +0800, 41.295456
2017-03-27 04:08:53 +0800, 41.363636
2017-03-27 04:09:18 +0800, 41.227272
2017-03-27 04:09:42 +0800, 41.431820
2017-03-27 04:10:07 +0800, 41.318180
2017-03-27 04:10:31 +0800, 41.250000
2017-03-27 04:10:56 +0800, 41.454544
2017-03-27 04:11:20 +0800, 41.340908
2017-03-27 04:11:45 +0800, 41.454544
2017-03-27 04:12:09 +0800, 41.409092
2017-03-27 04:12:34 +0800, 41.363636
2017-03-27 04:12:58 +0800, 41.522728
2017-03-27 04:13:23 +0800, 41.500000
2017-03-27 04:13:47 +0800, 41.522728
2017-03-27 04:14:12 +0800, 41.477272
2017-03-27 04:14:36 +0800, 41.500000
2017-03-27 04:15:01 +0800, 41.340908
2017-03-27 04:15:25 +0800, 41.136364
2017-03-27 04:15:50 +0800, 41.500000
2017-03-27 04:16:14 +0800, 41.431820
2017-03-27 04:16:39 +0800, 41.363636
2017-03-27 04:17:03 +0800, 41.272728
2017-03-27 04:17:28 +0800, 41.386364
2017-03-27 04:17:52 +0800, 41.409092
2017-03-27 04:18:17 +0800, 41.181820
2017-03-27 04:18:41 +0800, 41.318180
2017-03-27 04:19:05 +0800, 41.318180
2017-03-27 04:19:30 +0800, 41.340908
2017-03-27 04:19:54 +0800, 41.386364
2017-03-27 04:20:19 +0800, 41.295456
2017-03-27 04:20:43 +0800, 41.363636
2017-03-27 04:21:08 +0800, 41.681820
2017-03-27 04:21:32 +0800, 41.545456
2017-03-27 04:21:57 +0800, 41.545456
2017-03-27 04:22:21 +0800, 41.500000
2017-03-27 04:22:46 +0800, 41.613636
2017-03-27 04:23:10 +0800, 41.659092
2017-03-27 04:23:35 +0800, 41.454544
2017-03-27 04:23:59 +0800, 41.431820
2017-03-27 04:24:24 +0800, 41.727272
2017-03-27 04:24:48 +0800, 41.500000
2017-03-27 04:25:13 +0800, 41.522728
2017-03-27 04:25:37 +0800, 41.431820
2017-03-27 04:26:02 +0800, 41.500000
2017-03-27 04:26:26 +0800, 41.636364
2017-03-27 04:26:51 +0800, 41.454544
2017-03-27 04:27:15 +0800, 41.409092
2017-03-27 04:27:40 +0800, 41.431820
2017-03-27 04:28:04 +0800, 41.386364
2017-03-27 04:28:29 +0800, 41.409092
2017-03-27 04:28:53 +0800, 41.477272
2017-03-27 04:29:18 +0800, 41.386364
2017-03-27 04:29:42 +0800, 41.431820
2017-03-27 04:30:07 +0800, 41.477272
2017-03-27 04:30:31 +0800, 41.250000
2017-03-27 04:30:56 +0800, 41.068180
2017-03-27 04:31:20 +0800, 40.454544
2017-03-27 04:31:44 +0800, 39.568180
2017-03-27 04:32:09 +0800, 38.409092
2017-03-27 04:32:33 +0800, 37.295456
2017-03-27 04:32:58 +0800, 36.181820
2017-03-27 04:33:22 +0800, 34.977272
2017-03-27 04:33:47 +0800, 33.840908
2017-03-27 04:34:11 +0800, 32.931820
2017-03-27 04:34:36 +0800, 32.045456
2017-03-27 04:35:00 +0800, 31.090910
2017-03-27 04:35:25 +0800, 30.340910
2017-03-27 04:35:49 +0800, 29.477272
2017-03-27 04:36:14 +0800, 28.727272
2017-03-27 04:36:38 +0800, 28.068182
2017-03-27 04:37:03 +0800, 27.545454
2017-03-27 04:37:27 +0800, 27.113636
2017-03-27 04:37:52 +0800, 26.500000
2017-03-27 04:38:16 +0800, 26.295454
2017-03-27 04:38:41 +0800, 25.886364
2017-03-27 04:39:05 +0800, 25.204546
2017-03-27 04:39:30 +0800, 24.954546
2017-03-27 04:39:54 +0800, 24.795454
2017-03-27 04:40:19 +0800, 24.477272
2017-03-27 04:40:43 +0800, 24.227272
2017-03-27 04:41:08 +0800, 24.022728
2017-03-27 04:41:32 +0800, 23.818182
2017-03-27 04:41:57 +0800, 23.590910
2017-03-27 04:42:21 +0800, 23.431818
2017-03-27 04:42:46 +0800, 23.340910
2017-03-27 04:43:10 +0800, 23.159090
2017-03-27 04:43:35 +0800, 23.090910
2017-03-27 04:43:59 +0800, 23.000000
2017-03-27 04:44:23 +0800, 22.863636
2017-03-27 04:44:48 +0800, 22.750000
2017-03-27 04:45:12 +0800, 22.500000
2017-03-27 04:45:37 +0800, 22.590910
2017-03-27 04:46:01 +0800, 22.522728
2017-03-27 04:46:26 +0800, 22.386364
2017-03-27 04:46:50 +0800, 22.363636
2017-03-27 04:47:15 +0800, 22.250000
2017-03-27 04:47:39 +0800, 22.409090
2017-03-27 04:48:04 +0800, 22.227272
2017-03-27 04:48:28 +0800, 22.136364
2017-03-27 04:48:53 +0800, 22.204546
2017-03-27 04:49:17 +0800, 22.159090
2017-03-27 04:49:42 +0800, 22.090910
2017-03-27 04:50:06 +0800, 21.977272
2017-03-27 04:50:31 +0800, 21.977272
2017-03-27 04:50:55 +0800, 22.000000
2017-03-27 04:51:20 +0800, 21.795454
2017-03-27 04:51:44 +0800, 21.840910
2017-03-27 04:52:09 +0800, 21.795454
2017-03-27 04:52:33 +0800, 21.704546
2017-03-27 04:52:58 +0800, 21.727272
2017-03-27 04:53:22 +0800, 21.863636
2017-03-27 04:53:47 +0800, 21.704546
2017-03-27 04:54:11 +0800, 21.750000
2017-03-27 04:54:36 +0800, 21.613636
2017-03-27 04:55:00 +0800, 21.818182
2017-03-27 04:55:25 +0800, 21.704546
2017-03-27 04:55:49 +0800, 21.522728
2017-03-27 04:56:14 +0800, 21.750000
2017-03-27 04:56:38 +0800, 21.568182
2017-03-27 04:57:02 +0800, 21.659090
2017-03-27 04:57:27 +0800, 21.500000
2017-03-27 04:57:51 +0800, 21.704546
2017-03-27 04:58:16 +0800, 21.636364
2017-03-27 04:58:40 +0800, 21.590910
2017-03-27 04:59:05 +0800, 21.545454
2017-03-27 04:59:29 +0800, 21.522728
2017-03-27 04:59:54 +0800, 21.522728
2017-03-27 05:00:18 +0800, 21.704546
2017-03-27 05:00:43 +0800, 21.431818
2017-03-27 05:01:07 +0800, 21.500000
2017-03-27 05:01:32 +0800, 21.750000
2017-03-27 05:01:56 +0800, 21.454546
2017-03-27 05:02:21 +0800, 21.522728
2017-03-27 05:02:45 +0800, 21.545454
2017-03-27 05:03:10 +0800, 21.545454
2017-03-27 05:03:34 +0800, 21.409090
2017-03-27 05:03:59 +0800, 21.568182
2017-03-27 05:04:23 +0800, 21.522728
2017-03-27 05:04:48 +0800, 21.227272
2017-03-27 05:05:12 +0800, 21.431818
2017-03-27 05:05:37 +0800, 21.636364
2017-03-27 05:06:01 +0800, 21.636364
2017-03-27 05:06:26 +0800, 21.613636
2017-03-27 05:06:50 +0800, 21.500000
2017-03-27 05:07:15 +0800, 21.477272
2017-03-27 05:07:39 +0800, 21.568182
2017-03-27 05:08:04 +0800, 21.477272
2017-03-27 05:08:28 +0800, 21.613636
2017-03-27 05:08:53 +0800, 21.409090
2017-03-27 05:09:17 +0800, 21.454546
2017-03-27 05:09:41 +0800, 21.363636
2017-03-27 05:10:06 +0800, 21.568182
2017-03-27 05:10:30 +0800, 21.500000
2017-03-27 05:10:55 +0800, 21.431818
2017-03-27 05:11:19 +0800, 21.454546
2017-03-27 05:11:44 +0800, 21.340910
2017-03-27 05:12:08 +0800, 21.363636
2017-03-27 05:12:33 +0800, 21.386364
2017-03-27 05:12:57 +0800, 21.386364
2017-03-27 05:13:22 +0800, 21.363636
2017-03-27 05:13:46 +0800, 21.227272
2017-03-27 05:14:11 +0800, 21.318182
2017-03-27 05:14:35 +0800, 21.431818
2017-03-27 05:15:00 +0800, 21.431818
2017-03-27 05:15:24 +0800, 21.363636
2017-03-27 05:15:49 +0800, 21.409090
2017-03-27 05:16:13 +0800, 21.522728
2017-03-27 05:16:38 +0800, 21.409090
2017-03-27 05:17:02 +0800, 21.386364
2017-03-27 05:17:27 +0800, 21.386364
2017-03-27 05:17:51 +0800, 21.431818
2017-03-27 05:18:16 +0800, 21.409090
2017-03-27 05:18:40 +0800, 21.386364
2017-03-27 05:19:05 +0800, 21.409090
2017-03-27 05:19:29 +0800, 21.409090
2017-03-27 05:19:54 +0800, 21.318182
2017-03-27 05:20:18 +0800, 21.340910
2017-03-27 05:20:43 +0800, 21.204546
2017-03-27 05:21:07 +0800, 21.181818
2017-03-27 05:21:31 +0800, 21.431818
2017-03-27 05:21:56 +0800, 21.318182
2017-03-27 05:22:20 +0800, 21.431818
2017-03-27 05:22:45 +0800, 21.431818
2017-03-27 05:23:09 +0800, 21.363636
2017-03-27 05:23:34 +0800, 21.340910
2017-03-27 05:23:58 +0800, 21.204546
2017-03-27 05:24:23 +0800, 21.227272
2017-03-27 05:24:47 +0800, 21.204546
2017-03-27 05:25:12 +0800, 21.318182
2017-03-27 05:25:36 +0800, 21.227272
2017-03-27 05:26:01 +0800, 21.250000
2017-03-27 05:26:25 +0800, 21.363636
2017-03-27 05:26:50 +0800, 21.386364
2017-03-27 05:27:14 +0800, 21.272728
2017-03-27 05:27:39 +0800, 21.250000
2017-03-27 05:28:03 +0800, 21.363636
2017-03-27 05:28:28 +0800, 21.386364
2017-03-27 05:28:52 +0800, 21.204546
2017-03-27 05:29:17 +0800, 21.318182
2017-03-27 05:29:41 +0800, 21.318182
2017-03-27 05:30:06 +0800, 21.136364
2017-03-27 05:30:30 +0800, 21.295454
2017-03-27 05:30:55 +0800, 21.340910
2017-03-27 05:31:19 +0800, 21.159090
2017-03-27 05:31:44 +0800, 21.204546
2017-03-27 05:32:08 +0800, 21.272728
2017-03-27 05:32:33 +0800, 21.250000
2017-03-27 05:32:57 +0800, 21.181818
2017-03-27 05:33:22 +0800, 21.295454
2017-03-27 05:33:46 +0800, 21.090910
2017-03-27 05:34:10 +0800, 21.295454
2017-03-27 05:34:35 +0800, 21.068182
2017-03-27 05:34:59 +0800, 21.272728
2017-03-27 05:35:24 +0800, 21.318182
2017-03-27 05:35:48 +0800, 21.159090
2017-03-27 05:36:13 +0800, 21.204546
2017-03-27 05:36:37 +0800, 21.227272
2017-03-27 05:37:02 +0800, 21.227272
2017-03-27 05:37:26 +0800, 21.181818
2017-03-27 05:37:51 +0800, 21.227272
2017-03-27 05:38:15 +0800, 21.159090
2017-03-27 05:38:40 +0800, 21.181818
2017-03-27 05:39:04 +0800, 21.181818
2017-03-27 05:39:29 +0800, 21.318182
2017-03-27 05:39:53 +0800, 21.159090
2017-03-27 05:40:18 +0800, 21.181818
2017-03-27 05:40:42 +0800, 21.090910
2017-03-27 05:41:07 +0800, 21.340910
2017-03-27 05:41:31 +0800, 21.227272
2017-03-27 05:41:56 +0800, 21.000000
2017-03-27 05:42:20 +0800, 21.045454
2017-03-27 05:42:45 +0800, 21.181818
2017-03-27 05:43:09 +0800, 21.045454
2017-03-27 05:43:34 +0800, 21.000000
2017-03-27 05:43:58 +0800, 21.090910
2017-03-27 05:44:23 +0800, 21.227272
2017-03-27 05:44:47 +0800, 20.977272
2017-03-27 05:45:12 +0800, 21.090910
2017-03-27 05:45:36 +0800, 21.159090
2017-03-27 05:46:01 +0800, 21.159090
2017-03-27 05:46:25 +0800, 21.181818
2017-03-27 05:46:49 +0800, 21.045454
2017-03-27 05:47:14 +0800, 21.068182
2017-03-27 05:47:38 +0800, 21.318182
2017-03-27 05:48:03 +0800, 21.136364
2017-03-27 05:48:27 +0800, 21.136364
2017-03-27 05:48:52 +0800, 21.022728
2017-03-27 05:49:16 +0800, 21.045454
2017-03-27 05:49:41 +0800, 21.181818
2017-03-27 05:50:05 +0800, 21.068182
2017-03-27 05:50:30 +0800, 21.022728
2017-03-27 05:50:54 +0800, 21.068182
2017-03-27 05:51:19 +0800, 21.227272
2017-03-27 05:51:43 +0800, 21.045454
2017-03-27 05:52:08 +0800, 21.204546
2017-03-27 05:52:32 +0800, 21.181818
2017-03-27 05:52:57 +0800, 21.045454
2017-03-27 05:53:21 +0800, 21.318182
2017-03-27 05:53:46 +0800, 21.136364
2017-03-27 05:54:10 +0800, 21.477272
2017-03-27 05:54:35 +0800, 21.227272
2017-03-27 05:54:59 +0800, 21.045454
2017-03-27 05:55:24 +0800, 21.227272
2017-03-27 05:55:48 +0800, 21.136364
2017-03-27 05:56:13 +0800, 20.977272
2017-03-27 05:56:37 +0800, 20.909090
2017-03-27 05:57:02 +0800, 21.113636
2017-03-27 05:57:26 +0800, 20.954546
2017-03-27 05:57:51 +0800, 21.181818
2017-03-27 05:58:15 +0800, 21.181818
2017-03-27 05:58:40 +0800, 21.022728
2017-03-27 05:59:04 +0800, 20.977272
2017-03-27 05:59:28 +0800, 21.068182
2017-03-27 05:59:53 +0800, 21.181818
2017-03-27 06:00:17 +0800, 21.250000
2017-03-27 06:00:42 +0800, 21.090910
2017-03-27 06:01:06 +0800, 21.045454
2017-03-27 06:01:31 +0800, 21.090910
2017-03-27 06:01:55 +0800, 21.068182
2017-03-27 06:02:20 +0800, 21.159090
2017-03-27 06:02:44 +0800, 21.113636
2017-03-27 06:03:09 +0800, 21.136364
2017-03-27 06:03:33 +0800, 21.045454
2017-03-27 06:03:58 +0800, 21.090910
2017-03-27 06:04:22 +0800, 21.204546
2017-03-27 06:04:47 +0800, 21.159090
2017-03-27 06:05:11 +0800, 21.159090
2017-03-27 06:05:36 +0800, 21.068182
2017-03-27 06:06:00 +0800, 20.886364
2017-03-27 06:06:25 +0800, 21.090910
2017-03-27 06:06:49 +0800, 20.886364
2017-03-27 06:07:14 +0800, 20.909090
2017-03-27 06:07:38 +0800, 20.977272
2017-03-27 06:08:03 +0800, 21.000000
2017-03-27 06:08:27 +0800, 21.090910
2017-03-27 06:08:52 +0800, 21.113636
2017-03-27 06:09:16 +0800, 21.068182
2017-03-27 06:09:41 +0800, 20.840910
2017-03-27 06:10:05 +0800, 20.954546
2017-03-27 06:10:30 +0800, 21.068182
2017-03-27 06:10:54 +0800, 21.068182
2017-03-27 06:11:19 +0800, 21.022728
2017-03-27 06:11:43 +0800, 20.977272
2017-03-27 06:12:07 +0800, 21.000000
2017-03-27 06:12:32 +0800, 21.022728
2017-03-27 06:12:56 +0800, 21.022728
2017-03-27 06:13:21 +0800, 21.090910
2017-03-27 06:13:45 +0800, 20.931818
2017-03-27 06:14:10 +0800, 20.909090
2017-03-27 06:14:34 +0800, 21.136364
2017-03-27 06:14:59 +0800, 21.113636
2017-03-27 06:15:23 +0800, 20.954546
2017-03-27 06:15:48 +0800, 20.954546
2017-03-27 06:16:12 +0800, 21.068182
2017-03-27 06:16:37 +0800, 20.886364
2017-03-27 06:17:01 +0800, 20.977272
2017-03-27 06:17:26 +0800, 21.022728
2017-03-27 06:17:50 +0800, 21.022728
2017-03-27 06:18:15 +0800, 20.954546
2017-03-27 06:18:39 +0800, 20.954546
2017-03-27 06:19:04 +0800, 21.136364
2017-03-27 06:19:28 +0800, 21.068182
2017-03-27 06:19:53 +0800, 20.931818
2017-03-27 06:20:17 +0800, 21.000000
2017-03-27 06:20:42 +0800, 21.022728
2017-03-27 06:21:06 +0800, 21.022728
2017-03-27 06:21:31 +0800, 20.886364
2017-03-27 06:21:55 +0800, 20.977272
2017-03-27 06:22:20 +0800, 20.931818
2017-03-27 06:22:44 +0800, 20.977272
2017-03-27 06:23:09 +0800, 20.909090
2017-03-27 06:23:33 +0800, 21.068182
2017-03-27 06:23:57 +0800, 21.045454
2017-03-27 06:24:22 +0800, 20.909090
2017-03-27 06:24:46 +0800, 21.000000
2017-03-27 06:25:11 +0800, 21.000000
2017-03-27 06:25:35 +0800, 20.909090
2017-03-27 06:26:00 +0800, 20.954546
2017-03-27 06:26:24 +0800, 21.022728
2017-03-27 06:26:49 +0800, 20.840910
2017-03-27 06:27:13 +0800, 20.909090
2017-03-27 06:27:38 +0800, 21.136364
2017-03-27 06:28:02 +0800, 20.818182
2017-03-27 06:28:27 +0800, 20.954546
2017-03-27 06:28:51 +0800, 21.022728
2017-03-27 06:29:16 +0800, 20.886364
2017-03-27 06:29:40 +0800, 20.909090
2017-03-27 06:30:05 +0800, 21.022728
2017-03-27 06:30:29 +0800, 21.068182
2017-03-27 06:30:54 +0800, 21.022728
2017-03-27 06:31:18 +0800, 21.113636
2017-03-27 06:31:43 +0800, 21.068182
2017-03-27 06:32:07 +0800, 21.000000
2017-03-27 06:32:32 +0800, 20.954546
2017-03-27 06:32:56 +0800, 21.000000
2017-03-27 06:33:21 +0800, 20.886364
2017-03-27 06:33:45 +0800, 20.931818
2017-03-27 06:34:10 +0800, 20.931818
2017-03-27 06:34:34 +0800, 21.000000
2017-03-27 06:34:59 +0800, 20.931818
2017-03-27 06:35:23 +0800, 20.818182
2017-03-27 06:35:48 +0800, 20.840910
2017-03-27 06:36:12 +0800, 20.954546
2017-03-27 06:36:36 +0800, 20.795454
2017-03-27 06:37:01 +0800, 20.909090
2017-03-27 06:37:25 +0800, 20.727272
2017-03-27 06:37:50 +0800, 20.795454
2017-03-27 06:38:14 +0800, 20.840910
2017-03-27 06:38:39 +0800, 20.863636
2017-03-27 06:39:03 +0800, 20.818182
2017-03-27 06:39:28 +0800, 20.863636
2017-03-27 06:39:52 +0800, 21.022728
2017-03-27 06:40:17 +0800, 20.909090
2017-03-27 06:40:41 +0800, 20.840910
2017-03-27 06:41:06 +0800, 21.000000
2017-03-27 06:41:30 +0800, 20.795454
2017-03-27 06:41:55 +0800, 21.022728
2017-03-27 06:42:19 +0800, 20.954546
2017-03-27 06:42:44 +0800, 20.840910
2017-03-27 06:43:08 +0800, 20.772728
2017-03-27 06:43:33 +0800, 20.954546
2017-03-27 06:43:57 +0800, 20.909090
2017-03-27 06:44:22 +0800, 20.977272
2017-03-27 06:44:46 +0800, 20.954546
2017-03-27 06:45:11 +0800, 20.931818
2017-03-27 06:45:35 +0800, 20.863636
2017-03-27 06:46:00 +0800, 20.840910
2017-03-27 06:46:24 +0800, 20.954546
2017-03-27 06:46:49 +0800, 20.704546
2017-03-27 06:47:13 +0800, 20.886364
2017-03-27 06:47:38 +0800, 20.863636
2017-03-27 06:48:02 +0800, 20.840910
2017-03-27 06:48:27 +0800, 20.795454
2017-03-27 06:48:51 +0800, 20.886364
2017-03-27 06:49:16 +0800, 20.772728
2017-03-27 06:49:40 +0800, 20.931818
2017-03-27 06:50:04 +0800, 20.886364
2017-03-27 06:50:29 +0800, 20.909090
2017-03-27 06:50:53 +0800, 20.954546
2017-03-27 06:51:18 +0800, 20.954546
2017-03-27 06:51:42 +0800, 20.977272
2017-03-27 06:52:07 +0800, 20.818182
2017-03-27 06:52:31 +0800, 21.000000
2017-03-27 06:52:56 +0800, 21.045454
2017-03-27 06:53:20 +0800, 20.613636
2017-03-27 06:53:45 +0800, 20.931818
2017-03-27 06:54:09 +0800, 20.840910
2017-03-27 06:54:34 +0800, 20.931818
2017-03-27 06:54:58 +0800, 20.772728
2017-03-27 06:55:23 +0800, 20.863636
2017-03-27 06:55:47 +0800, 20.795454
2017-03-27 06:56:12 +0800, 20.795454
2017-03-27 06:56:36 +0800, 20.795454
2017-03-27 06:57:01 +0800, 20.704546
2017-03-27 06:57:25 +0800, 20.795454
2017-03-27 06:57:50 +0800, 20.818182
2017-03-27 06:58:14 +0800, 20.795454
2017-03-27 06:58:39 +0800, 20.772728
2017-03-27 06:59:03 +0800, 20.681818
2017-03-27 06:59:28 +0800, 20.954546
2017-03-27 06:59:52 +0800, 20.886364
2017-03-27 07:00:17 +0800, 20.931818
2017-03-27 07:00:41 +0800, 20.840910
2017-03-27 07:01:06 +0800, 20.772728
2017-03-27 07:01:30 +0800, 20.636364
2017-03-27 07:01:55 +0800, 20.840910
2017-03-27 07:02:19 +0800, 20.840910
2017-03-27 07:02:43 +0800, 20.818182
2017-03-27 07:03:08 +0800, 20.863636
2017-03-27 07:03:32 +0800, 20.681818
2017-03-27 07:03:57 +0800, 20.818182
2017-03-27 07:04:21 +0800, 20.727272
2017-03-27 07:04:46 +0800, 20.840910
2017-03-27 07:05:10 +0800, 20.681818
2017-03-27 07:05:35 +0800, 20.795454
2017-03-27 07:05:59 +0800, 20.613636
2017-03-27 07:06:24 +0800, 20.727272
2017-03-27 07:06:48 +0800, 20.681818
2017-03-27 07:07:13 +0800, 20.886364
2017-03-27 07:07:37 +0800, 20.772728
2017-03-27 07:08:02 +0800, 20.772728
2017-03-27 07:08:26 +0800, 20.704546
2017-03-27 07:08:51 +0800, 20.636364
2017-03-27 07:09:15 +0800, 20.681818
2017-03-27 07:09:40 +0800, 20.750000
2017-03-27 07:10:04 +0800, 20.772728
2017-03-27 07:10:29 +0800, 20.795454
2017-03-27 07:10:53 +0800, 20.818182
2017-03-27 07:11:18 +0800, 20.704546
2017-03-27 07:11:42 +0800, 20.886364
2017-03-27 07:12:07 +0800, 20.681818
2017-03-27 07:12:31 +0800, 20.818182
2017-03-27 07:12:56 +0800, 20.772728
2017-03-27 07:13:20 +0800, 20.863636
2017-03-27 07:13:45 +0800, 20.818182
2017-03-27 07:14:09 +0800, 20.704546
2017-03-27 07:14:33 +0800, 20.659090
2017-03-27 07:14:58 +0800, 20.750000
2017-03-27 07:15:22 +0800, 20.954546
2017-03-27 07:15:47 +0800, 20.886364
2017-03-27 07:16:11 +0800, 20.818182
2017-03-27 07:16:36 +0800, 20.772728
2017-03-27 07:17:00 +0800, 20.681818
2017-03-27 07:17:25 +0800, 20.727272
2017-03-27 07:17:49 +0800, 20.750000
2017-03-27 07:18:14 +0800, 20.704546
2017-03-27 07:18:38 +0800, 20.840910
2017-03-27 07:19:03 +0800, 20.750000
2017-03-27 07:19:27 +0800, 20.681818
2017-03-27 07:19:52 +0800, 20.795454
2017-03-27 07:20:16 +0800, 20.727272
2017-03-27 07:20:41 +0800, 20.863636
2017-03-27 07:21:05 +0800, 20.704546
2017-03-27 07:21:30 +0800, 20.659090
2017-03-27 07:21:54 +0800, 20.613636
2017-03-27 07:22:19 +0800, 20.795454
2017-03-27 07:22:43 +0800, 20.863636
2017-03-27 07:23:08 +0800, 20.954546
2017-03-27 07:23:32 +0800, 20.681818
2017-03-27 07:23:57 +0800, 20.840910
2017-03-27 07:24:21 +0800, 20.818182
2017-03-27 07:24:46 +0800, 20.818182
2017-03-27 07:25:10 +0800, 20.750000
2017-03-27 07:25:35 +0800, 20.727272
2017-03-27 07:25:59 +0800, 20.750000
2017-03-27 07:26:24 +0800, 20.818182
2017-03-27 07:26:48 +0800, 20.568182
2017-03-27 07:27:12 +0800, 20.772728
2017-03-27 07:27:37 +0800, 20.795454
2017-03-27 07:28:01 +0800, 20.727272
2017-03-27 07:28:26 +0800, 20.750000
2017-03-27 07:28:50 +0800, 20.727272
2017-03-27 07:29:15 +0800, 20.750000
2017-03-27 07:29:39 +0800, 20.750000
2017-03-27 07:30:04 +0800, 20.704546
2017-03-27 07:30:28 +0800, 20.818182
2017-03-27 07:30:53 +0800, 20.772728
2017-03-27 07:31:17 +0800, 20.931818
2017-03-27 07:31:42 +0800, 21.000000
2017-03-27 07:32:06 +0800, 20.795454
2017-03-27 07:32:31 +0800, 20.931818
2017-03-27 07:32:55 +0800, 20.727272
2017-03-27 07:33:20 +0800, 20.681818
2017-03-27 07:33:44 +0800, 20.818182
2017-03-27 07:34:09 +0800, 20.750000
2017-03-27 07:34:33 +0800, 20.681818
2017-03-27 07:34:58 +0800, 20.545454
2017-03-27 07:35:22 +0800, 20.613636
2017-03-27 07:35:47 +0800, 20.704546
2017-03-27 07:36:11 +0800, 20.840910
2017-03-27 07:36:36 +0800, 20.772728
2017-03-27 07:37:00 +0800, 20.772728
2017-03-27 07:37:25 +0800, 20.863636
2017-03-27 07:37:49 +0800, 20.704546
2017-03-27 07:38:14 +0800, 20.795454
2017-03-27 07:38:38 +0800, 20.795454
2017-03-27 07:39:03 +0800, 20.795454
2017-03-27 07:39:27 +0800, 20.727272
2017-03-27 07:39:51 +0800, 20.636364
2017-03-27 07:40:16 +0800, 20.818182
2017-03-27 07:40:40 +0800, 20.613636
2017-03-27 07:41:05 +0800, 20.704546
2017-03-27 07:41:29 +0800, 20.636364
2017-03-27 07:41:54 +0800, 20.636364
2017-03-27 07:42:18 +0800, 20.795454
2017-03-27 07:42:43 +0800, 20.613636
2017-03-27 07:43:07 +0800, 20.522728
2017-03-27 07:43:32 +0800, 20.681818
2017-03-27 07:43:56 +0800, 20.704546
2017-03-27 07:44:21 +0800, 20.704546
2017-03-27 07:44:45 +0800, 20.659090
2017-03-27 07:45:10 +0800, 20.704546
2017-03-27 07:45:34 +0800, 20.704546
2017-03-27 07:45:59 +0800, 20.681818
2017-03-27 07:46:23 +0800, 20.681818
2017-03-27 07:46:48 +0800, 20.613636
2017-03-27 07:47:12 +0800, 20.772728
2017-03-27 07:47:37 +0800, 20.772728
2017-03-27 07:48:01 +0800, 20.613636
2017-03-27 07:48:26 +0800, 20.704546
2017-03-27 07:48:50 +0800, 20.750000
2017-03-27 07:49:15 +0800, 20.750000
2017-03-27 07:49:39 +0800, 20.568182
2017-03-27 07:50:04 +0800, 20.727272
2017-03-27 07:50:28 +0800, 20.750000
2017-03-27 07:50:53 +0800, 20.636364
2017-03-27 07:51:17 +0800, 20.568182
2017-03-27 07:51:42 +0800, 20.568182
2017-03-27 07:52:06 +0800, 20.750000
2017-03-27 07:52:30 +0800, 20.681818
2017-03-27 07:52:55 +0800, 20.750000
2017-03-27 07:53:19 +0800, 20.795454
2017-03-27 07:53:44 +0800, 20.772728
2017-03-27 07:54:08 +0800, 20.613636
2017-03-27 07:54:33 +0800, 20.704546
2017-03-27 07:54:57 +0800, 20.681818
2017-03-27 07:55:22 +0800, 20.568182
2017-03-27 07:55:46 +0800, 20.818182
2017-03-27 07:56:11 +0800, 20.545454
2017-03-27 07:56:35 +0800, 20.681818
2017-03-27 07:57:00 +0800, 20.545454
2017-03-27 07:57:24 +0800, 20.522728
2017-03-27 07:57:49 +0800, 20.636364
2017-03-27 07:58:13 +0800, 20.636364
2017-03-27 07:58:38 +0800, 20.681818
2017-03-27 07:59:02 +0800, 20.727272
2017-03-27 07:59:27 +0800, 20.636364
2017-03-27 07:59:51 +0800, 20.568182
2017-03-27 08:00:16 +0800, 20.636364
2017-03-27 08:00:40 +0800, 20.477272
2017-03-27 08:01:05 +0800, 20.681818
2017-03-27 08:01:29 +0800, 20.795454
2017-03-27 08:01:54 +0800, 20.477272
2017-03-27 08:02:18 +0800, 20.613636
2017-03-27 08:02:43 +0800, 20.727272
2017-03-27 08:03:07 +0800, 20.840910
2017-03-27 08:03:32 +0800, 20.613636
2017-03-27 08:03:56 +0800, 20.477272
2017-03-27 08:04:21 +0800, 20.681818
2017-03-27 08:04:45 +0800, 20.522728
2017-03-27 08:05:09 +0800, 20.727272
2017-03-27 08:05:34 +0800, 20.613636
2017-03-27 08:05:58 +0800, 20.568182
2017-03-27 08:06:23 +0800, 20.681818
2017-03-27 08:06:47 +0800, 20.750000
2017-03-27 08:07:12 +0800, 20.727272
2017-03-27 08:07:36 +0800, 20.568182
2017-03-27 08:08:01 +0800, 20.568182
2017-03-27 08:08:25 +0800, 20.659090
2017-03-27 08:08:50 +0800, 20.613636
2017-03-27 08:09:14 +0800, 20.659090
2017-03-27 08:09:39 +0800, 20.704546
2017-03-27 08:10:03 +0800, 20.727272
2017-03-27 08:10:28 +0800, 20.590910
2017-03-27 08:10:52 +0800, 20.636364
2017-03-27 08:11:17 +0800, 20.727272
2017-03-27 08:11:41 +0800, 20.704546
2017-03-27 08:12:06 +0800, 20.659090
2017-03-27 08:12:30 +0800, 20.659090
2017-03-27 08:12:55 +0800, 20.681818
2017-03-27 08:13:19 +0800, 20.522728
2017-03-27 08:13:44 +0800, 20.704546
2017-03-27 08:14:08 +0800, 20.636364
2017-03-27 08:14:33 +0800, 20.590910
2017-03-27 08:14:57 +0800, 20.568182
2017-03-27 08:15:22 +0800, 20.772728
2017-03-27 08:15:46 +0800, 20.727272
2017-03-27 08:16:11 +0800, 20.659090
2017-03-27 08:16:35 +0800, 20.750000
2017-03-27 08:16:59 +0800, 20.477272
2017-03-27 08:17:24 +0800, 20.477272
2017-03-27 08:17:48 +0800, 20.659090
2017-03-27 08:18:13 +0800, 20.659090
2017-03-27 08:18:37 +0800, 20.704546
2017-03-27 08:19:02 +0800, 20.590910
2017-03-27 08:19:26 +0800, 20.454546
2017-03-27 08:19:51 +0800, 20.613636
2017-03-27 08:20:15 +0800, 20.636364
2017-03-27 08:20:40 +0800, 20.681818
2017-03-27 08:21:04 +0800, 20.545454
2017-03-27 08:21:29 +0800, 20.522728
2017-03-27 08:21:53 +0800, 20.613636
2017-03-27 08:22:18 +0800, 20.659090
2017-03-27 08:22:42 +0800, 20.636364
2017-03-27 08:23:07 +0800, 20.704546
2017-03-27 08:23:31 +0800, 20.704546
2017-03-27 08:23:56 +0800, 20.477272
2017-03-27 08:24:20 +0800, 20.590910
2017-03-27 08:24:45 +0800, 20.613636
2017-03-27 08:25:09 +0800, 20.613636
2017-03-27 08:25:34 +0800, 20.568182
2017-03-27 08:25:58 +0800, 20.545454
2017-03-27 08:26:23 +0800, 20.568182
2017-03-27 08:26:47 +0800, 20.659090
2017-03-27 08:27:12 +0800, 20.613636
2017-03-27 08:27:36 +0800, 20.545454
2017-03-27 08:28:01 +0800, 20.522728
2017-03-27 08:28:25 +0800, 20.590910
2017-03-27 08:28:50 +0800, 20.522728
2017-03-27 08:29:14 +0800, 20.568182
2017-03-27 08:29:38 +0800, 20.545454
2017-03-27 08:30:03 +0800, 20.659090
2017-03-27 08:30:27 +0800, 20.636364
2017-03-27 08:30:52 +0800, 20.681818
2017-03-27 08:31:16 +0800, 20.636364
2017-03-27 08:31:41 +0800, 20.431818
2017-03-27 08:32:05 +0800, 20.545454
2017-03-27 08:32:30 +0800, 20.590910
2017-03-27 08:32:54 +0800, 20.681818
2017-03-27 08:33:19 +0800, 20.318182
2017-03-27 08:33:43 +0800, 20.545454
2017-03-27 08:34:08 +0800, 20.545454
2017-03-27 08:34:32 +0800, 20.613636
2017-03-27 08:34:57 +0800, 20.590910
2017-03-27 08:35:21 +0800, 20.568182
2017-03-27 08:35:46 +0800, 20.636364
2017-03-27 08:36:10 +0800, 20.431818
2017-03-27 08:36:35 +0800, 20.659090
2017-03-27 08:36:59 +0800, 20.500000
2017-03-27 08:37:24 +0800, 20.500000
2017-03-27 08:37:48 +0800, 20.681818
2017-03-27 08:38:13 +0800, 20.568182
2017-03-27 08:38:37 +0800, 20.590910
2017-03-27 08:39:02 +0800, 20.522728
2017-03-27 08:39:26 +0800, 20.590910
2017-03-27 08:39:51 +0800, 20.568182
2017-03-27 08:40:15 +0800, 20.454546
2017-03-27 08:40:40 +0800, 20.522728
2017-03-27 08:41:04 +0800, 20.681818
2017-03-27 08:41:29 +0800, 20.477272
2017-03-27 08:41:53 +0800, 20.636364
2017-03-27 08:42:17 +0800, 20.613636
2017-03-27 08:42:42 +0800, 20.590910
2017-03-27 08:43:06 +0800, 20.590910
2017-03-27 08:43:31 +0800, 20.681818
2017-03-27 08:43:55 +0800, 20.568182
2017-03-27 08:44:20 +0800, 20.636364
2017-03-27 08:44:44 +0800, 20.636364
2017-03-27 08:45:09 +0800, 20.772728
2017-03-27 08:45:33 +0800, 20.590910
2017-03-27 08:45:58 +0800, 20.772728
2017-03-27 08:46:22 +0800, 20.568182
2017-03-27 08:46:47 +0800, 20.363636
2017-03-27 08:47:11 +0800, 20.681818
2017-03-27 08:47:36 +0800, 20.613636
2017-03-27 08:48:00 +0800, 20.363636
2017-03-27 08:48:25 +0800, 20.613636
2017-03-27 08:48:49 +0800, 20.613636
2017-03-27 08:49:14 +0800, 20.500000
2017-03-27 08:49:38 +0800, 20.590910
2017-03-27 08:50:03 +0800, 20.590910
2017-03-27 08:50:27 +0800, 20.500000
2017-03-27 08:50:52 +0800, 20.636364
2017-03-27 08:51:16 +0800, 20.636364
2017-03-27 08:51:41 +0800, 20.636364
2017-03-27 08:52:05 +0800, 20.545454
2017-03-27 08:52:30 +0800, 20.522728
2017-03-27 08:52:54 +0800, 20.659090
2017-03-27 08:53:19 +0800, 20.500000
2017-03-27 08:53:43 +0800, 20.590910
2017-03-27 08:54:08 +0800, 20.568182
2017-03-27 08:54:32 +0800, 20.500000
2017-03-27 08:54:56 +0800, 20.681818
2017-03-27 08:55:21 +0800, 20.500000
2017-03-27 08:55:45 +0800, 20.750000
2017-03-27 08:56:10 +0800, 20.613636
2017-03-27 08:56:34 +0800, 20.659090
2017-03-27 08:56:59 +0800, 20.522728
2017-03-27 08:57:23 +0800, 20.659090
2017-03-27 08:57:48 +0800, 20.568182
2017-03-27 08:58:12 +0800, 20.590910
2017-03-27 08:58:37 +0800, 20.590910
2017-03-27 08:59:01 +0800, 20.431818
2017-03-27 08:59:26 +0800, 20.636364
2017-03-27 08:59:50 +0800, 20.590910
2017-03-27 09:00:15 +0800, 20.477272
2017-03-27 09:00:39 +0800, 20.568182
2017-03-27 09:01:04 +0800, 20.454546
2017-03-27 09:01:28 +0800, 20.590910
2017-03-27 09:01:53 +0800, 20.545454
2017-03-27 09:02:17 +0800, 20.613636
2017-03-27 09:02:42 +0800, 20.386364
2017-03-27 09:03:06 +0800, 20.522728
2017-03-27 09:03:31 +0800, 20.568182
2017-03-27 09:03:55 +0800, 20.659090
2017-03-27 09:04:20 +0800, 20.659090
2017-03-27 09:04:44 +0800, 20.704546
2017-03-27 09:05:09 +0800, 20.454546
2017-03-27 09:05:33 +0800, 20.681818
2017-03-27 09:05:58 +0800, 20.568182
2017-03-27 09:06:22 +0800, 20.590910
2017-03-27 09:06:47 +0800, 20.750000
2017-03-27 09:07:11 +0800, 20.545454
2017-03-27 09:07:35 +0800, 20.636364
2017-03-27 09:08:00 +0800, 20.522728
2017-03-27 09:08:24 +0800, 20.681818
2017-03-27 09:08:49 +0800, 20.659090
2017-03-27 09:09:13 +0800, 20.727272
2017-03-27 09:09:38 +0800, 20.613636
2017-03-27 09:10:02 +0800, 20.636364
2017-03-27 09:10:27 +0800, 20.454546
2017-03-27 09:10:51 +0800, 20.636364
2017-03-27 09:11:16 +0800, 20.545454
2017-03-27 09:11:40 +0800, 20.568182
2017-03-27 09:12:05 +0800, 20.590910
2017-03-27 09:12:29 +0800, 20.636364
2017-03-27 09:12:54 +0800, 20.568182
2017-03-27 09:13:18 +0800, 20.500000
2017-03-27 09:13:43 +0800, 20.727272
2017-03-27 09:14:07 +0800, 20.613636
2017-03-27 09:14:32 +0800, 20.590910
2017-03-27 09:14:56 +0800, 20.613636
2017-03-27 09:15:21 +0800, 20.568182
2017-03-27 09:15:45 +0800, 20.545454
2017-03-27 09:16:10 +0800, 20.568182
2017-03-27 09:16:34 +0800, 20.750000
2017-03-27 09:16:59 +0800, 20.545454
2017-03-27 09:17:23 +0800, 20.568182
2017-03-27 09:17:48 +0800, 20.727272
2017-03-27 09:18:12 +0800, 20.590910
2017-03-27 09:18:37 +0800, 20.568182
2017-03-27 09:19:01 +0800, 20.681818
2017-03-27 09:19:25 +0800, 20.636364
2017-03-27 09:19:50 +0800, 20.727272
2017-03-27 09:20:14 +0800, 20.704546
2017-03-27 09:20:39 +0800, 20.500000
2017-03-27 09:21:03 +0800, 20.659090
2017-03-27 09:21:28 +0800, 20.727272
2017-03-27 09:21:52 +0800, 20.681818
2017-03-27 09:22:17 +0800, 20.681818
2017-03-27 09:22:41 +0800, 20.704546
2017-03-27 09:23:06 +0800, 20.704546
2017-03-27 09:23:30 +0800, 20.659090
2017-03-27 09:23:55 +0800, 20.477272
2017-03-27 09:24:19 +0800, 20.704546
2017-03-27 09:24:44 +0800, 20.522728
2017-03-27 09:25:08 +0800, 20.500000
2017-03-27 09:25:33 +0800, 20.681818
2017-03-27 09:25:57 +0800, 20.727272
2017-03-27 09:26:22 +0800, 20.636364
2017-03-27 09:26:46 +0800, 20.477272
2017-03-27 09:27:11 +0800, 20.750000
2017-03-27 09:27:35 +0800, 20.568182
2017-03-27 09:28:00 +0800, 20.568182
2017-03-27 09:28:24 +0800, 20.636364
2017-03-27 09:28:49 +0800, 20.636364
2017-03-27 09:29:13 +0800, 20.545454
2017-03-27 09:29:38 +0800, 20.545454
2017-03-27 09:30:02 +0800, 20.568182
2017-03-27 09:30:27 +0800, 20.522728
2017-03-27 09:30:51 +0800, 20.590910
2017-03-27 09:31:16 +0800, 20.613636
2017-03-27 09:31:40 +0800, 20.545454
2017-03-27 09:32:04 +0800, 20.681818
2017-03-27 09:32:29 +0800, 20.545454
2017-03-27 09:32:53 +0800, 20.613636
2017-03-27 09:33:18 +0800, 20.590910
2017-03-27 09:33:42 +0800, 20.613636
2017-03-27 09:34:07 +0800, 20.659090
2017-03-27 09:34:31 +0800, 20.522728
2017-03-27 09:34:56 +0800, 20.704546
2017-03-27 09:35:20 +0800, 20.522728
2017-03-27 09:35:45 +0800, 20.454546
2017-03-27 09:36:09 +0800, 20.431818
2017-03-27 09:36:34 +0800, 20.681818
2017-03-27 09:36:58 +0800, 20.750000
2017-03-27 09:37:23 +0800, 20.659090
2017-03-27 09:37:47 +0800, 20.590910
2017-03-27 09:38:12 +0800, 20.636364
2017-03-27 09:38:36 +0800, 20.659090
2017-03-27 09:39:01 +0800, 20.590910
2017-03-27 09:39:25 +0800, 20.636364
2017-03-27 09:39:50 +0800, 20.568182
2017-03-27 09:40:14 +0800, 20.636364
2017-03-27 09:40:39 +0800, 20.545454
2017-03-27 09:41:03 +0800, 20.568182
2017-03-27 09:41:28 +0800, 20.704546
2017-03-27 09:41:52 +0800, 20.636364
2017-03-27 09:42:17 +0800, 20.727272
2017-03-27 09:42:41 +0800, 20.772728
2017-03-27 09:43:06 +0800, 20.477272
2017-03-27 09:43:30 +0800, 20.613636
2017-03-27 09:43:55 +0800, 20.659090
2017-03-27 09:44:19 +0800, 20.727272
2017-03-27 09:44:43 +0800, 20.590910
2017-03-27 09:45:08 +0800, 20.590910
2017-03-27 09:45:32 +0800, 20.500000
2017-03-27 09:45:57 +0800, 20.636364
2017-03-27 09:46:21 +0800, 20.704546
2017-03-27 09:46:46 +0800, 20.522728
2017-03-27 09:47:10 +0800, 20.636364
2017-03-27 09:47:35 +0800, 20.636364
2017-03-27 09:47:59 +0800, 20.704546
2017-03-27 09:48:24 +0800, 20.681818
2017-03-27 09:48:48 +0800, 20.613636
2017-03-27 09:49:13 +0800, 20.659090
2017-03-27 09:49:37 +0800, 20.545454
2017-03-27 09:50:02 +0800, 20.500000
2017-03-27 09:50:26 +0800, 20.522728
2017-03-27 09:50:51 +0800, 20.818182
2017-03-27 09:51:15 +0800, 20.727272
2017-03-27 09:51:40 +0800, 20.477272
2017-03-27 09:52:04 +0800, 20.681818
2017-03-27 09:52:29 +0800, 20.659090
2017-03-27 09:52:53 +0800, 20.659090
2017-03-27 09:53:18 +0800, 20.545454
2017-03-27 09:53:42 +0800, 20.613636
2017-03-27 09:54:07 +0800, 20.659090
2017-03-27 09:54:31 +0800, 20.568182
2017-03-27 09:54:56 +0800, 20.477272
2017-03-27 09:55:20 +0800, 20.568182
2017-03-27 09:55:45 +0800, 20.590910
2017-03-27 09:56:09 +0800, 20.590910
2017-03-27 09:56:34 +0800, 20.545454
2017-03-27 09:56:58 +0800, 20.681818
2017-03-27 09:57:22 +0800, 20.500000
2017-03-27 09:57:47 +0800, 20.704546
2017-03-27 09:58:11 +0800, 20.727272
2017-03-27 09:58:36 +0800, 20.568182
2017-03-27 09:59:00 +0800, 20.750000
2017-03-27 09:59:25 +0800, 20.727272
2017-03-27 09:59:49 +0800, 20.500000
2017-03-27 10:00:14 +0800, 20.568182
2017-03-27 10:00:38 +0800, 20.636364
2017-03-27 10:01:03 +0800, 20.659090
2017-03-27 10:01:27 +0800, 20.545454
2017-03-27 10:01:52 +0800, 20.568182
2017-03-27 10:02:16 +0800, 20.727272
2017-03-27 10:02:41 +0800, 20.772728
2017-03-27 10:03:05 +0800, 20.568182
2017-03-27 10:03:30 +0800, 20.590910
2017-03-27 10:03:54 +0800, 20.704546
2017-03-27 10:04:19 +0800, 20.568182
2017-03-27 10:04:43 +0800, 20.500000
2017-03-27 10:05:08 +0800, 20.681818
2017-03-27 10:05:32 +0800, 20.613636
2017-03-27 10:05:57 +0800, 20.431818
2017-03-27 10:06:21 +0800, 20.636364
2017-03-27 10:06:46 +0800, 20.659090
2017-03-27 10:07:10 +0800, 20.681818
2017-03-27 10:07:35 +0800, 20.704546
2017-03-27 10:07:59 +0800, 20.590910
2017-03-27 10:08:24 +0800, 20.613636
2017-03-27 10:08:48 +0800, 20.681818
2017-03-27 10:09:12 +0800, 20.613636
2017-03-27 10:09:37 +0800, 20.613636
2017-03-27 10:10:01 +0800, 20.863636
2017-03-27 10:10:26 +0800, 20.750000
2017-03-27 10:10:50 +0800, 20.681818
2017-03-27 10:11:15 +0800, 20.545454
2017-03-27 10:11:39 +0800, 20.500000
2017-03-27 10:12:04 +0800, 20.500000
2017-03-27 10:12:28 +0800, 20.500000
2017-03-27 10:12:53 +0800, 20.613636
2017-03-27 10:13:17 +0800, 20.636364
2017-03-27 10:13:42 +0800, 20.636364
2017-03-27 10:14:06 +0800, 20.818182
2017-03-27 10:14:31 +0800, 20.590910
2017-03-27 10:14:55 +0800, 20.818182
2017-03-27 10:15:20 +0800, 20.750000
2017-03-27 10:15:44 +0800, 20.727272
2017-03-27 10:16:09 +0800, 20.477272
2017-03-27 10:16:33 +0800, 20.659090
2017-03-27 10:16:58 +0800, 20.522728
2017-03-27 10:17:22 +0800, 20.477272
2017-03-27 10:17:47 +0800, 20.500000
2017-03-27 10:18:11 +0800, 20.590910
2017-03-27 10:18:36 +0800, 20.659090
2017-03-27 10:19:00 +0800, 20.681818
2017-03-27 10:19:25 +0800, 20.704546
2017-03-27 10:19:49 +0800, 20.636364
2017-03-27 10:20:14 +0800, 20.590910
2017-03-27 10:20:38 +0800, 20.681818
2017-03-27 10:21:03 +0800, 20.659090
2017-03-27 10:21:27 +0800, 20.704546
2017-03-27 10:21:51 +0800, 20.613636
2017-03-27 10:22:16 +0800, 20.545454
2017-03-27 10:22:40 +0800, 20.568182
2017-03-27 10:23:05 +0800, 20.636364
2017-03-27 10:23:29 +0800, 20.613636
2017-03-27 10:23:54 +0800, 20.477272
2017-03-27 10:24:18 +0800, 20.727272
2017-03-27 10:24:43 +0800, 20.636364
2017-03-27 10:25:07 +0800, 20.568182
2017-03-27 10:25:32 +0800, 20.704546
2017-03-27 10:25:56 +0800, 20.568182
2017-03-27 10:26:21 +0800, 20.636364
2017-03-27 10:26:45 +0800, 20.590910
2017-03-27 10:27:10 +0800, 20.522728
2017-03-27 10:27:34 +0800, 20.659090
2017-03-27 10:27:59 +0800, 20.681818
2017-03-27 10:28:23 +0800, 20.613636
2017-03-27 10:28:48 +0800, 20.545454
2017-03-27 10:29:12 +0800, 20.590910
2017-03-27 10:29:37 +0800, 20.840910
2017-03-27 10:30:01 +0800, 20.590910
2017-03-27 10:30:26 +0800, 20.613636
2017-03-27 10:30:50 +0800, 20.636364
2017-03-27 10:31:15 +0800, 20.681818
2017-03-27 10:31:39 +0800, 20.681818
2017-03-27 10:32:04 +0800, 20.613636
2017-03-27 10:32:28 +0800, 20.636364
2017-03-27 10:32:53 +0800, 20.704546
2017-03-27 10:33:17 +0800, 20.659090
2017-03-27 10:33:42 +0800, 20.613636
2017-03-27 10:34:06 +0800, 20.636364
2017-03-27 10:34:30 +0800, 20.568182
2017-03-27 10:34:55 +0800, 20.568182
2017-03-27 10:35:19 +0800, 20.727272
2017-03-27 10:35:44 +0800, 20.568182
2017-03-27 10:36:08 +0800, 20.590910
2017-03-27 10:36:33 +0800, 20.772728
2017-03-27 10:36:57 +0800, 20.704546
2017-03-27 10:37:22 +0800, 20.727272
2017-03-27 10:37:46 +0800, 20.681818
2017-03-27 10:38:11 +0800, 20.704546
2017-03-27 10:38:35 +0800, 20.590910
2017-03-27 10:39:00 +0800, 20.840910
2017-03-27 10:39:24 +0800, 20.636364
2017-03-27 10:39:49 +0800, 20.727272
2017-03-27 10:40:13 +0800, 20.590910
2017-03-27 10:40:38 +0800, 20.750000
2017-03-27 10:41:02 +0800, 20.681818
2017-03-27 10:41:27 +0800, 20.772728
2017-03-27 10:41:51 +0800, 20.727272
2017-03-27 10:42:16 +0800, 20.772728
2017-03-27 10:42:40 +0800, 20.818182
2017-03-27 10:43:05 +0800, 20.636364
2017-03-27 10:43:29 +0800, 20.909090
2017-03-27 10:43:54 +0800, 20.659090
2017-03-27 10:44:18 +0800, 20.750000
2017-03-27 10:44:43 +0800, 20.590910
2017-03-27 10:45:07 +0800, 20.568182
2017-03-27 10:45:32 +0800, 20.590910
2017-03-27 10:45:56 +0800, 20.613636
2017-03-27 10:46:21 +0800, 20.795454
2017-03-27 10:46:45 +0800, 20.500000
2017-03-27 10:47:09 +0800, 20.772728
2017-03-27 10:47:34 +0800, 20.681818
2017-03-27 10:47:58 +0800, 20.590910
2017-03-27 10:48:23 +0800, 20.568182
2017-03-27 10:48:47 +0800, 20.727272
2017-03-27 10:49:12 +0800, 20.704546
2017-03-27 10:49:36 +0800, 20.863636
2017-03-27 10:50:01 +0800, 20.727272
2017-03-27 10:50:25 +0800, 20.681818
2017-03-27 10:50:50 +0800, 20.681818
2017-03-27 10:51:14 +0800, 20.681818
2017-03-27 10:51:39 +0800, 20.477272
2017-03-27 10:52:03 +0800, 20.818182
2017-03-27 10:52:28 +0800, 20.704546
2017-03-27 10:52:52 +0800, 20.590910
2017-03-27 10:53:17 +0800, 20.772728
2017-03-27 10:53:41 +0800, 20.818182
2017-03-27 10:54:06 +0800, 20.568182
2017-03-27 10:54:30 +0800, 20.590910
2017-03-27 10:54:55 +0800, 20.818182
2017-03-27 10:55:19 +0800, 20.681818
2017-03-27 10:55:44 +0800, 20.636364
2017-03-27 10:56:08 +0800, 20.613636
2017-03-27 10:56:33 +0800, 20.500000
2017-03-27 10:56:57 +0800, 20.681818
2017-03-27 10:57:22 +0800, 20.727272
2017-03-27 10:57:46 +0800, 20.545454
2017-03-27 10:58:11 +0800, 20.863636
2017-03-27 10:58:35 +0800, 20.863636
2017-03-27 10:58:59 +0800, 20.681818
2017-03-27 10:59:24 +0800, 20.590910
2017-03-27 10:59:48 +0800, 20.681818
2017-03-27 11:00:13 +0800, 20.522728
2017-03-27 11:00:37 +0800, 20.727272
2017-03-27 11:01:02 +0800, 20.818182
2017-03-27 11:01:26 +0800, 20.772728
2017-03-27 11:01:51 +0800, 20.727272
2017-03-27 11:02:15 +0800, 20.772728
2017-03-27 11:02:40 +0800, 20.795454
2017-03-27 11:03:04 +0800, 20.886364
2017-03-27 11:03:29 +0800, 20.727272
2017-03-27 11:03:53 +0800, 20.681818
2017-03-27 11:04:18 +0800, 20.659090
2017-03-27 11:04:42 +0800, 20.681818
2017-03-27 11:05:07 +0800, 20.750000
2017-03-27 11:05:31 +0800, 20.727272
2017-03-27 11:05:56 +0800, 20.681818
2017-03-27 11:06:20 +0800, 20.750000
2017-03-27 11:06:45 +0800, 20.818182
2017-03-27 11:07:09 +0800, 20.840910
2017-03-27 11:07:34 +0800, 20.772728
2017-03-27 11:07:58 +0800, 20.886364
2017-03-27 11:08:23 +0800, 20.750000
2017-03-27 11:08:47 +0800, 20.840910
2017-03-27 11:09:12 +0800, 20.840910
2017-03-27 11:09:36 +0800, 20.818182
2017-03-27 11:10:01 +0800, 20.636364
2017-03-27 11:10:25 +0800, 20.727272
2017-03-27 11:10:50 +0800, 20.727272
2017-03-27 11:11:14 +0800, 20.659090
2017-03-27 11:11:38 +0800, 20.704546
2017-03-27 11:12:03 +0800, 20.727272
2017-03-27 11:12:27 +0800, 20.818182
2017-03-27 11:12:52 +0800, 20.636364
2017-03-27 11:13:16 +0800, 20.840910
2017-03-27 11:13:41 +0800, 20.772728
2017-03-27 11:14:05 +0800, 20.704546
2017-03-27 11:14:30 +0800, 20.818182
2017-03-27 11:14:54 +0800, 20.659090
2017-03-27 11:15:19 +0800, 20.863636
2017-03-27 11:15:43 +0800, 20.727272
2017-03-27 11:16:08 +0800, 20.772728
2017-03-27 11:16:32 +0800, 20.772728
2017-03-27 11:16:57 +0800, 20.727272
2017-03-27 11:17:21 +0800, 20.681818
2017-03-27 11:17:46 +0800, 20.863636
2017-03-27 11:18:10 +0800, 20.613636
2017-03-27 11:18:35 +0800, 20.795454
2017-03-27 11:18:59 +0800, 20.590910
2017-03-27 11:19:24 +0800, 20.727272
2017-03-27 11:19:48 +0800, 20.840910
2017-03-27 11:20:13 +0800, 20.795454
2017-03-27 11:20:37 +0800, 20.681818
2017-03-27 11:21:02 +0800, 20.727272
2017-03-27 11:21:26 +0800, 20.818182
2017-03-27 11:21:51 +0800, 20.840910
2017-03-27 11:22:15 +0800, 20.795454
2017-03-27 11:22:40 +0800, 20.818182
2017-03-27 11:23:04 +0800, 20.840910
2017-03-27 11:23:29 +0800, 20.750000
2017-03-27 11:23:53 +0800, 20.772728
2017-03-27 11:24:17 +0800, 20.636364
2017-03-27 11:24:42 +0800, 20.636364
2017-03-27 11:25:06 +0800, 20.977272
2017-03-27 11:25:31 +0800, 20.863636
2017-03-27 11:25:55 +0800, 20.772728
2017-03-27 11:26:20 +0800, 20.750000
2017-03-27 11:26:44 +0800, 20.750000
2017-03-27 11:27:09 +0800, 20.931818
2017-03-27 11:27:33 +0800, 20.909090
2017-03-27 11:27:58 +0800, 20.909090
2017-03-27 11:28:22 +0800, 20.954546
2017-03-27 11:28:47 +0800, 20.772728
2017-03-27 11:29:11 +0800, 20.795454
2017-03-27 11:29:36 +0800, 20.750000
2017-03-27 11:30:00 +0800, 20.840910
2017-03-27 11:30:25 +0800, 20.886364
2017-03-27 11:30:49 +0800, 20.750000
2017-03-27 11:31:14 +0800, 20.840910
2017-03-27 11:31:38 +0800, 20.772728
2017-03-27 11:32:03 +0800, 20.636364
2017-03-27 11:32:27 +0800, 20.886364
2017-03-27 11:32:52 +0800, 20.840910
2017-03-27 11:33:16 +0800, 20.750000
2017-03-27 11:33:41 +0800, 20.750000
2017-03-27 11:34:05 +0800, 20.704546
2017-03-27 11:34:30 +0800, 20.681818
2017-03-27 11:34:54 +0800, 20.727272
2017-03-27 11:35:19 +0800, 20.909090
2017-03-27 11:35:43 +0800, 20.772728
2017-03-27 11:36:08 +0800, 20.727272
2017-03-27 11:36:32 +0800, 20.613636
2017-03-27 11:36:56 +0800, 20.886364
2017-03-27 11:37:21 +0800, 20.750000
2017-03-27 11:37:45 +0800, 20.772728
2017-03-27 11:38:10 +0800, 20.704546
2017-03-27 11:38:34 +0800, 20.659090
2017-03-27 11:38:59 +0800, 20.840910
2017-03-27 11:39:23 +0800, 20.977272
2017-03-27 11:39:48 +0800, 20.681818
2017-03-27 11:40:12 +0800, 20.863636
2017-03-27 11:40:37 +0800, 20.977272
2017-03-27 11:41:01 +0800, 20.727272
2017-03-27 11:41:26 +0800, 20.840910
2017-03-27 11:41:50 +0800, 20.840910
2017-03-27 11:42:15 +0800, 20.863636
2017-03-27 11:42:39 +0800, 20.954546
2017-03-27 11:43:04 +0800, 20.727272
2017-03-27 11:43:28 +0800, 20.931818
2017-03-27 11:43:53 +0800, 20.681818
2017-03-27 11:44:17 +0800, 20.863636
2017-03-27 11:44:42 +0800, 20.727272
2017-03-27 11:45:06 +0800, 20.772728
2017-03-27 11:45:31 +0800, 20.909090
2017-03-27 11:45:55 +0800, 20.636364
2017-03-27 11:46:20 +0800, 20.750000
2017-03-27 11:46:44 +0800, 20.909090
2017-03-27 11:47:09 +0800, 20.795454
2017-03-27 11:47:33 +0800, 20.750000
2017-03-27 11:47:58 +0800, 20.909090
2017-03-27 11:48:22 +0800, 20.909090
2017-03-27 11:48:47 +0800, 20.886364
2017-03-27 11:49:11 +0800, 20.795454
2017-03-27 11:49:35 +0800, 20.795454
2017-03-27 11:50:00 +0800, 20.863636
2017-03-27 11:50:24 +0800, 20.772728
2017-03-27 11:50:49 +0800, 20.750000
2017-03-27 11:51:13 +0800, 20.750000
2017-03-27 11:51:38 +0800, 20.795454
2017-03-27 11:52:02 +0800, 20.840910
2017-03-27 11:52:27 +0800, 20.636364
2017-03-27 11:52:51 +0800, 20.772728
2017-03-27 11:53:16 +0800, 20.863636
2017-03-27 11:53:40 +0800, 20.840910
2017-03-27 11:54:05 +0800, 20.795454
2017-03-27 11:54:29 +0800, 21.022728
2017-03-27 11:54:54 +0800, 20.772728
2017-03-27 11:55:18 +0800, 20.750000
2017-03-27 11:55:43 +0800, 20.818182
2017-03-27 11:56:07 +0800, 20.909090
2017-03-27 11:56:32 +0800, 20.840910
2017-03-27 11:56:56 +0800, 20.750000
2017-03-27 11:57:21 +0800, 20.681818
2017-03-27 11:57:45 +0800, 20.681818
2017-03-27 11:58:10 +0800, 20.909090
2017-03-27 11:58:34 +0800, 20.931818
2017-03-27 11:58:59 +0800, 20.750000
2017-03-27 11:59:23 +0800, 20.863636
2017-03-27 11:59:48 +0800, 20.840910
2017-03-27 12:00:12 +0800, 20.772728
2017-03-27 12:00:37 +0800, 20.772728
2017-03-27 12:01:01 +0800, 20.727272
2017-03-27 12:01:25 +0800, 20.613636
2017-03-27 12:01:50 +0800, 20.772728
2017-03-27 12:02:14 +0800, 20.772728
2017-03-27 12:02:39 +0800, 20.886364
2017-03-27 12:03:03 +0800, 20.727272
2017-03-27 12:03:28 +0800, 20.863636
2017-03-27 12:03:52 +0800, 20.931818
2017-03-27 12:04:17 +0800, 20.863636
2017-03-27 12:04:41 +0800, 20.795454
2017-03-27 12:05:06 +0800, 20.772728
2017-03-27 12:05:30 +0800, 20.977272
2017-03-27 12:05:55 +0800, 20.886364
2017-03-27 12:06:19 +0800, 20.931818
2017-03-27 12:06:44 +0800, 20.636364
2017-03-27 12:07:08 +0800, 20.818182
2017-03-27 12:07:33 +0800, 20.772728
2017-03-27 12:07:57 +0800, 20.704546
2017-03-27 12:08:22 +0800, 20.863636
2017-03-27 12:08:46 +0800, 20.840910
2017-03-27 12:09:11 +0800, 20.863636
2017-03-27 12:09:35 +0800, 20.954546
2017-03-27 12:10:00 +0800, 20.795454
2017-03-27 12:10:24 +0800, 20.772728
2017-03-27 12:10:49 +0800, 20.681818
2017-03-27 12:11:13 +0800, 20.727272
2017-03-27 12:11:38 +0800, 20.818182
2017-03-27 12:12:02 +0800, 20.772728
2017-03-27 12:12:27 +0800, 20.909090
2017-03-27 12:12:51 +0800, 20.840910
2017-03-27 12:13:16 +0800, 20.909090
2017-03-27 12:13:40 +0800, 20.795454
2017-03-27 12:14:04 +0800, 20.840910
2017-03-27 12:14:29 +0800, 20.909090
2017-03-27 12:14:53 +0800, 20.750000
2017-03-27 12:15:18 +0800, 20.863636
2017-03-27 12:15:42 +0800, 20.863636
2017-03-27 12:16:07 +0800, 20.772728
2017-03-27 12:16:31 +0800, 20.886364
2017-03-27 12:16:56 +0800, 20.818182
2017-03-27 12:17:20 +0800, 20.818182
2017-03-27 12:17:45 +0800, 20.863636
2017-03-27 12:18:09 +0800, 20.863636
2017-03-27 12:18:34 +0800, 20.795454
2017-03-27 12:18:58 +0800, 20.840910
2017-03-27 12:19:23 +0800, 20.886364
2017-03-27 12:19:47 +0800, 20.931818
2017-03-27 12:20:12 +0800, 20.863636
2017-03-27 12:20:36 +0800, 20.772728
2017-03-27 12:21:01 +0800, 20.909090
2017-03-27 12:21:25 +0800, 20.772728
2017-03-27 12:21:50 +0800, 21.000000
2017-03-27 12:22:14 +0800, 20.795454
2017-03-27 12:22:39 +0800, 20.886364
2017-03-27 12:23:03 +0800, 20.750000
2017-03-27 12:23:28 +0800, 20.795454
2017-03-27 12:23:52 +0800, 20.863636
2017-03-27 12:24:17 +0800, 20.659090
2017-03-27 12:24:41 +0800, 20.818182
2017-03-27 12:25:06 +0800, 21.022728
2017-03-27 12:25:30 +0800, 20.909090
2017-03-27 12:25:55 +0800, 20.863636
2017-03-27 12:26:19 +0800, 20.840910
2017-03-27 12:26:43 +0800, 20.909090
2017-03-27 12:27:08 +0800, 20.909090
2017-03-27 12:27:32 +0800, 20.954546
2017-03-27 12:27:57 +0800, 20.909090
2017-03-27 12:28:21 +0800, 20.954546
2017-03-27 12:28:46 +0800, 20.886364
2017-03-27 12:29:10 +0800, 20.886364
2017-03-27 12:29:35 +0800, 20.818182
2017-03-27 12:29:59 +0800, 20.840910
2017-03-27 12:30:24 +0800, 20.727272
2017-03-27 12:30:48 +0800, 20.886364
2017-03-27 12:31:13 +0800, 20.795454
2017-03-27 12:31:37 +0800, 20.931818
2017-03-27 12:32:02 +0800, 20.704546
2017-03-27 12:32:26 +0800, 20.840910
2017-03-27 12:32:51 +0800, 20.795454
2017-03-27 12:33:15 +0800, 20.931818
2017-03-27 12:33:40 +0800, 20.659090
2017-03-27 12:34:04 +0800, 20.863636
2017-03-27 12:34:29 +0800, 21.000000
2017-03-27 12:34:53 +0800, 20.931818
2017-03-27 12:35:18 +0800, 20.818182
2017-03-27 12:35:42 +0800, 20.863636
2017-03-27 12:36:07 +0800, 20.840910
2017-03-27 12:36:31 +0800, 20.795454
2017-03-27 12:36:56 +0800, 20.931818
2017-03-27 12:37:20 +0800, 20.863636
2017-03-27 12:37:45 +0800, 21.045454
2017-03-27 12:38:09 +0800, 21.045454
2017-03-27 12:38:34 +0800, 20.818182
2017-03-27 12:38:58 +0800, 20.863636
2017-03-27 12:39:22 +0800, 21.045454
2017-03-27 12:39:47 +0800, 20.954546
2017-03-27 12:40:11 +0800, 20.954546
2017-03-27 12:40:36 +0800, 20.909090
2017-03-27 12:41:00 +0800, 20.863636
2017-03-27 12:41:25 +0800, 20.977272
2017-03-27 12:41:49 +0800, 21.022728
2017-03-27 12:42:14 +0800, 20.886364
2017-03-27 12:42:38 +0800, 20.840910
2017-03-27 12:43:03 +0800, 21.022728
2017-03-27 12:43:27 +0800, 20.886364
2017-03-27 12:43:52 +0800, 20.818182
2017-03-27 12:44:16 +0800, 21.022728
2017-03-27 12:44:41 +0800, 20.909090
2017-03-27 12:45:05 +0800, 20.909090
2017-03-27 12:45:30 +0800, 20.931818
2017-03-27 12:45:54 +0800, 20.840910
2017-03-27 12:46:19 +0800, 21.022728
2017-03-27 12:46:43 +0800, 20.772728
2017-03-27 12:47:08 +0800, 20.909090
2017-03-27 12:47:32 +0800, 20.818182
2017-03-27 12:47:57 +0800, 20.954546
2017-03-27 12:48:21 +0800, 20.886364
2017-03-27 12:48:46 +0800, 20.772728
2017-03-27 12:49:10 +0800, 20.909090
2017-03-27 12:49:35 +0800, 20.931818
2017-03-27 12:49:59 +0800, 20.818182
2017-03-27 12:50:24 +0800, 20.954546
2017-03-27 12:50:48 +0800, 20.727272
2017-03-27 12:51:13 +0800, 21.068182
2017-03-27 12:51:37 +0800, 21.022728
2017-03-27 12:52:01 +0800, 20.863636
2017-03-27 12:52:26 +0800, 20.840910
2017-03-27 12:52:50 +0800, 20.840910
2017-03-27 12:53:15 +0800, 21.000000
2017-03-27 12:53:39 +0800, 20.795454
2017-03-27 12:54:04 +0800, 20.772728
2017-03-27 12:54:28 +0800, 20.954546
2017-03-27 12:54:53 +0800, 20.818182
2017-03-27 12:55:17 +0800, 20.727272
2017-03-27 12:55:42 +0800, 20.840910
2017-03-27 12:56:06 +0800, 20.931818
2017-03-27 12:56:31 +0800, 20.863636
2017-03-27 12:56:55 +0800, 20.704546
2017-03-27 12:57:20 +0800, 20.977272
2017-03-27 12:57:44 +0800, 20.750000
2017-03-27 12:58:09 +0800, 21.000000
2017-03-27 12:58:33 +0800, 20.772728
2017-03-27 12:58:58 +0800, 20.931818
2017-03-27 12:59:22 +0800, 21.022728
2017-03-27 12:59:47 +0800, 20.863636
2017-03-27 13:00:11 +0800, 20.931818
2017-03-27 13:00:36 +0800, 20.931818
2017-03-27 13:01:00 +0800, 20.818182
2017-03-27 13:01:25 +0800, 20.931818
2017-03-27 13:01:49 +0800, 20.931818
2017-03-27 13:02:14 +0800, 20.863636
2017-03-27 13:02:38 +0800, 20.818182
2017-03-27 13:03:03 +0800, 20.886364
2017-03-27 13:03:27 +0800, 20.840910
2017-03-27 13:03:51 +0800, 20.795454
2017-03-27 13:04:16 +0800, 20.909090
2017-03-27 13:04:40 +0800, 20.954546
2017-03-27 13:05:05 +0800, 20.909090
2017-03-27 13:05:29 +0800, 20.772728
2017-03-27 13:05:54 +0800, 20.795454
2017-03-27 13:06:18 +0800, 20.931818
2017-03-27 13:06:43 +0800, 20.931818
2017-03-27 13:07:07 +0800, 20.840910
2017-03-27 13:07:32 +0800, 20.931818
2017-03-27 13:07:56 +0800, 20.954546
2017-03-27 13:08:21 +0800, 20.931818
2017-03-27 13:08:45 +0800, 21.000000
2017-03-27 13:09:10 +0800, 20.909090
2017-03-27 13:09:34 +0800, 20.931818
2017-03-27 13:09:59 +0800, 20.954546
2017-03-27 13:10:23 +0800, 20.954546
2017-03-27 13:10:48 +0800, 20.931818
2017-03-27 13:11:12 +0800, 20.886364
2017-03-27 13:11:37 +0800, 20.840910
2017-03-27 13:12:01 +0800, 20.977272
2017-03-27 13:12:26 +0800, 20.772728
2017-03-27 13:12:50 +0800, 20.795454
2017-03-27 13:13:15 +0800, 20.954546
2017-03-27 13:13:39 +0800, 21.022728
2017-03-27 13:14:04 +0800, 20.909090
2017-03-27 13:14:28 +0800, 20.909090
2017-03-27 13:14:53 +0800, 20.840910
2017-03-27 13:15:17 +0800, 20.909090
2017-03-27 13:15:42 +0800, 20.977272
2017-03-27 13:16:06 +0800, 20.795454
2017-03-27 13:16:30 +0800, 20.977272
2017-03-27 13:16:55 +0800, 20.954546
2017-03-27 13:17:19 +0800, 21.000000
2017-03-27 13:17:44 +0800, 20.863636
2017-03-27 13:18:08 +0800, 20.977272
2017-03-27 13:18:33 +0800, 21.022728
2017-03-27 13:18:57 +0800, 20.954546
2017-03-27 13:19:22 +0800, 20.840910
2017-03-27 13:19:46 +0800, 20.818182
2017-03-27 13:20:11 +0800, 20.863636
2017-03-27 13:20:35 +0800, 20.818182
2017-03-27 13:21:00 +0800, 21.000000
2017-03-27 13:21:24 +0800, 21.045454
2017-03-27 13:21:49 +0800, 21.045454
2017-03-27 13:22:13 +0800, 20.977272
2017-03-27 13:22:38 +0800, 20.863636
2017-03-27 13:23:02 +0800, 21.068182
2017-03-27 13:23:27 +0800, 21.113636
2017-03-27 13:23:51 +0800, 20.909090
2017-03-27 13:24:16 +0800, 21.090910
2017-03-27 13:24:40 +0800, 21.068182
2017-03-27 13:25:05 +0800, 21.022728
2017-03-27 13:25:29 +0800, 21.000000
2017-03-27 13:25:54 +0800, 20.863636
2017-03-27 13:26:18 +0800, 21.181818
2017-03-27 13:26:43 +0800, 20.954546
2017-03-27 13:27:07 +0800, 20.886364
2017-03-27 13:27:32 +0800, 20.863636
2017-03-27 13:27:56 +0800, 20.704546
2017-03-27 13:28:21 +0800, 21.090910
2017-03-27 13:28:45 +0800, 21.113636
2017-03-27 13:29:09 +0800, 20.909090
2017-03-27 13:29:34 +0800, 21.045454
2017-03-27 13:29:58 +0800, 20.795454
2017-03-27 13:30:23 +0800, 21.090910
2017-03-27 13:30:47 +0800, 20.931818
2017-03-27 13:31:12 +0800, 20.931818
2017-03-27 13:31:36 +0800, 21.113636
2017-03-27 13:32:01 +0800, 21.113636
2017-03-27 13:32:25 +0800, 21.000000
2017-03-27 13:32:50 +0800, 21.068182
2017-03-27 13:33:14 +0800, 21.113636
2017-03-27 13:33:39 +0800, 21.045454
2017-03-27 13:34:03 +0800, 20.840910
2017-03-27 13:34:28 +0800, 20.931818
2017-03-27 13:34:52 +0800, 21.113636
2017-03-27 13:35:17 +0800, 21.090910
2017-03-27 13:35:41 +0800, 21.136364
2017-03-27 13:36:06 +0800, 21.113636
2017-03-27 13:36:30 +0800, 21.022728
2017-03-27 13:36:55 +0800, 20.909090
2017-03-27 13:37:19 +0800, 21.068182
2017-03-27 13:37:44 +0800, 21.090910
2017-03-27 13:38:08 +0800, 21.000000
2017-03-27 13:38:33 +0800, 21.090910
2017-03-27 13:38:57 +0800, 21.159090
2017-03-27 13:39:22 +0800, 21.068182
2017-03-27 13:39:46 +0800, 21.113636
2017-03-27 13:40:11 +0800, 21.113636
2017-03-27 13:40:35 +0800, 20.863636
2017-03-27 13:41:00 +0800, 20.909090
2017-03-27 13:41:24 +0800, 21.022728
2017-03-27 13:41:48 +0800, 21.045454
2017-03-27 13:42:13 +0800, 20.772728
2017-03-27 13:42:37 +0800, 20.977272
2017-03-27 13:43:02 +0800, 20.931818
2017-03-27 13:43:26 +0800, 20.954546
2017-03-27 13:43:51 +0800, 20.909090
2017-03-27 13:44:15 +0800, 21.113636
2017-03-27 13:44:40 +0800, 20.977272
2017-03-27 13:45:04 +0800, 21.022728
2017-03-27 13:45:29 +0800, 21.000000
2017-03-27 13:45:53 +0800, 20.909090
2017-03-27 13:46:18 +0800, 21.068182
2017-03-27 13:46:42 +0800, 21.045454
2017-03-27 13:47:07 +0800, 21.022728
2017-03-27 13:47:31 +0800, 21.022728
2017-03-27 13:47:56 +0800, 20.931818
2017-03-27 13:48:20 +0800, 21.045454
2017-03-27 13:48:45 +0800, 21.022728
2017-03-27 13:49:09 +0800, 21.113636
2017-03-27 13:49:34 +0800, 21.136364
2017-03-27 13:49:58 +0800, 21.045454
2017-03-27 13:50:23 +0800, 21.045454
2017-03-27 13:50:47 +0800, 21.000000
2017-03-27 13:51:12 +0800, 20.886364
2017-03-27 13:51:36 +0800, 21.045454
2017-03-27 13:52:01 +0800, 21.000000
2017-03-27 13:52:25 +0800, 21.113636
2017-03-27 13:52:50 +0800, 21.113636
2017-03-27 13:53:14 +0800, 21.090910
2017-03-27 13:53:38 +0800, 21.204546
2017-03-27 13:54:03 +0800, 21.136364
2017-03-27 13:54:27 +0800, 21.068182
2017-03-27 13:54:52 +0800, 21.068182
2017-03-27 13:55:16 +0800, 21.113636
2017-03-27 13:55:41 +0800, 21.022728
2017-03-27 13:56:05 +0800, 21.090910
2017-03-27 13:56:30 +0800, 21.022728
2017-03-27 13:56:54 +0800, 21.136364
2017-03-27 13:57:19 +0800, 21.022728
2017-03-27 13:57:43 +0800, 21.022728
2017-03-27 13:58:08 +0800, 21.000000
2017-03-27 13:58:32 +0800, 21.022728
2017-03-27 13:58:57 +0800, 21.090910
2017-03-27 13:59:21 +0800, 20.954546
2017-03-27 13:59:46 +0800, 21.159090
2017-03-27 14:00:10 +0800, 21.000000
2017-03-27 14:00:35 +0800, 21.068182
2017-03-27 14:00:59 +0800, 21.136364
2017-03-27 14:01:24 +0800, 21.159090
2017-03-27 14:01:48 +0800, 21.045454
2017-03-27 14:02:13 +0800, 21.045454
2017-03-27 14:02:37 +0800, 21.136364
2017-03-27 14:03:02 +0800, 21.068182
2017-03-27 14:03:26 +0800, 21.068182
2017-03-27 14:03:51 +0800, 20.931818
2017-03-27 14:04:15 +0800, 21.136364
2017-03-27 14:04:40 +0800, 21.136364
2017-03-27 14:05:04 +0800, 21.136364
2017-03-27 14:05:29 +0800, 21.159090
2017-03-27 14:05:53 +0800, 21.113636
2017-03-27 14:06:17 +0800, 20.954546
2017-03-27 14:06:42 +0800, 20.954546
2017-03-27 14:07:06 +0800, 21.045454
2017-03-27 14:07:31 +0800, 21.090910
2017-03-27 14:07:55 +0800, 21.318182
2017-03-27 14:08:20 +0800, 21.090910
2017-03-27 14:08:44 +0800, 21.227272
2017-03-27 14:09:09 +0800, 21.045454
2017-03-27 14:09:33 +0800, 21.045454
2017-03-27 14:09:58 +0800, 21.159090
2017-03-27 14:10:22 +0800, 21.113636
2017-03-27 14:10:47 +0800, 21.113636
2017-03-27 14:11:11 +0800, 21.022728
2017-03-27 14:11:36 +0800, 21.250000
2017-03-27 14:12:00 +0800, 21.136364
2017-03-27 14:12:25 +0800, 21.136364
2017-03-27 14:12:49 +0800, 20.931818
2017-03-27 14:13:14 +0800, 21.181818
2017-03-27 14:13:38 +0800, 21.227272
2017-03-27 14:14:03 +0800, 21.113636
2017-03-27 14:14:27 +0800, 21.204546
2017-03-27 14:14:52 +0800, 21.090910
2017-03-27 14:15:16 +0800, 21.159090
2017-03-27 14:15:41 +0800, 21.068182
2017-03-27 14:16:05 +0800, 21.113636
2017-03-27 14:16:30 +0800, 21.068182
2017-03-27 14:16:54 +0800, 21.113636
2017-03-27 14:17:19 +0800, 21.090910
2017-03-27 14:17:43 +0800, 21.136364
2017-03-27 14:18:08 +0800, 21.113636
2017-03-27 14:18:32 +0800, 20.954546
2017-03-27 14:18:56 +0800, 21.068182
2017-03-27 14:19:21 +0800, 21.090910
2017-03-27 14:19:45 +0800, 21.000000
2017-03-27 14:20:10 +0800, 21.136364
2017-03-27 14:20:34 +0800, 21.272728
2017-03-27 14:20:59 +0800, 21.045454
2017-03-27 14:21:23 +0800, 20.931818
2017-03-27 14:21:48 +0800, 21.090910
2017-03-27 14:22:12 +0800, 21.113636
2017-03-27 14:22:37 +0800, 21.000000
2017-03-27 14:23:01 +0800, 21.113636
2017-03-27 14:23:26 +0800, 21.204546
2017-03-27 14:23:50 +0800, 21.159090
2017-03-27 14:24:15 +0800, 21.090910
2017-03-27 14:24:39 +0800, 21.113636
2017-03-27 14:25:04 +0800, 21.227272
2017-03-27 14:25:28 +0800, 21.022728
2017-03-27 14:25:53 +0800, 21.113636
2017-03-27 14:26:17 +0800, 21.159090
2017-03-27 14:26:42 +0800, 21.045454
2017-03-27 14:27:06 +0800, 21.000000
2017-03-27 14:27:31 +0800, 20.954546
2017-03-27 14:27:55 +0800, 21.068182
2017-03-27 14:28:20 +0800, 21.136364
2017-03-27 14:28:44 +0800, 21.159090
2017-03-27 14:29:09 +0800, 21.068182
2017-03-27 14:29:33 +0800, 21.250000
2017-03-27 14:29:58 +0800, 21.204546
2017-03-27 14:30:22 +0800, 21.159090
2017-03-27 14:30:47 +0800, 21.181818
2017-03-27 14:31:11 +0800, 21.068182
2017-03-27 14:31:35 +0800, 21.068182
2017-03-27 14:32:00 +0800, 21.204546
2017-03-27 14:32:24 +0800, 20.977272
2017-03-27 14:32:49 +0800, 21.068182
2017-03-27 14:33:13 +0800, 21.000000
2017-03-27 14:33:38 +0800, 21.068182
2017-03-27 14:34:02 +0800, 21.204546
2017-03-27 14:34:27 +0800, 21.136364
2017-03-27 14:34:51 +0800, 21.272728
2017-03-27 14:35:16 +0800, 21.068182
2017-03-27 14:35:40 +0800, 21.113636
2017-03-27 14:36:05 +0800, 21.181818
2017-03-27 14:36:29 +0800, 21.136364
2017-03-27 14:36:54 +0800, 21.113636
2017-03-27 14:37:18 +0800, 21.136364
2017-03-27 14:37:43 +0800, 21.227272
2017-03-27 14:38:07 +0800, 21.204546
2017-03-27 14:38:32 +0800, 21.136364
2017-03-27 14:38:56 +0800, 21.090910
2017-03-27 14:39:21 +0800, 20.954546
2017-03-27 14:39:45 +0800, 21.227272
2017-03-27 14:40:10 +0800, 21.250000
2017-03-27 14:40:34 +0800, 21.318182
2017-03-27 14:40:59 +0800, 21.204546
2017-03-27 14:41:23 +0800, 21.113636
2017-03-27 14:41:48 +0800, 21.113636
2017-03-27 14:42:12 +0800, 21.113636
2017-03-27 14:42:37 +0800, 21.181818
2017-03-27 14:43:01 +0800, 21.113636
2017-03-27 14:43:25 +0800, 21.090910
2017-03-27 14:43:50 +0800, 21.250000
2017-03-27 14:44:14 +0800, 21.045454
2017-03-27 14:44:39 +0800, 21.181818
2017-03-27 14:45:03 +0800, 21.113636
2017-03-27 14:45:28 +0800, 21.090910
2017-03-27 14:45:52 +0800, 21.090910
2017-03-27 14:46:17 +0800, 21.227272
2017-03-27 14:46:41 +0800, 21.181818
2017-03-27 14:47:06 +0800, 21.250000
2017-03-27 14:47:30 +0800, 21.113636
2017-03-27 14:47:55 +0800, 21.250000
2017-03-27 14:48:19 +0800, 21.204546
2017-03-27 14:48:44 +0800, 21.090910
2017-03-27 14:49:08 +0800, 21.204546
2017-03-27 14:49:33 +0800, 21.159090
2017-03-27 14:49:57 +0800, 21.295454
2017-03-27 14:50:22 +0800, 21.431818
2017-03-27 14:50:46 +0800, 21.090910
2017-03-27 14:51:11 +0800, 21.227272
2017-03-27 14:51:35 +0800, 21.113636
2017-03-27 14:52:00 +0800, 21.159090
2017-03-27 14:52:24 +0800, 21.227272
2017-03-27 14:52:49 +0800, 20.954546
2017-03-27 14:53:13 +0800, 21.227272
2017-03-27 14:53:38 +0800, 21.250000
2017-03-27 14:54:02 +0800, 21.272728
2017-03-27 14:54:27 +0800, 21.136364
2017-03-27 14:54:51 +0800, 21.204546
2017-03-27 14:55:16 +0800, 21.295454
2017-03-27 14:55:40 +0800, 21.204546
2017-03-27 14:56:04 +0800, 21.159090
2017-03-27 14:56:29 +0800, 21.000000
2017-03-27 14:56:53 +0800, 21.340910
2017-03-27 14:57:18 +0800, 21.295454
2017-03-27 14:57:42 +0800, 21.136364
2017-03-27 14:58:07 +0800, 21.181818
2017-03-27 14:58:31 +0800, 21.250000
2017-03-27 14:58:56 +0800, 21.159090
2017-03-27 14:59:20 +0800, 21.136364
2017-03-27 14:59:45 +0800, 21.204546
2017-03-27 15:00:09 +0800, 21.068182
2017-03-27 15:00:34 +0800, 21.136364
2017-03-27 15:00:58 +0800, 21.136364
2017-03-27 15:01:23 +0800, 21.181818
2017-03-27 15:01:47 +0800, 21.181818
2017-03-27 15:02:12 +0800, 21.045454
2017-03-27 15:02:36 +0800, 21.136364
2017-03-27 15:03:01 +0800, 21.250000
2017-03-27 15:03:25 +0800, 21.136364
2017-03-27 15:03:50 +0800, 21.113636
2017-03-27 15:04:14 +0800, 21.227272
2017-03-27 15:04:39 +0800, 21.250000
2017-03-27 15:05:03 +0800, 21.045454
2017-03-27 15:05:28 +0800, 21.318182
2017-03-27 15:05:52 +0800, 21.159090
2017-03-27 15:06:17 +0800, 21.227272
2017-03-27 15:06:41 +0800, 21.295454
2017-03-27 15:07:06 +0800, 21.113636
2017-03-27 15:07:30 +0800, 21.181818
2017-03-27 15:07:55 +0800, 21.272728
2017-03-27 15:08:19 +0800, 21.000000
2017-03-27 15:08:43 +0800, 21.204546
2017-03-27 15:09:08 +0800, 21.250000
2017-03-27 15:09:32 +0800, 21.227272
2017-03-27 15:09:57 +0800, 21.227272
2017-03-27 15:10:21 +0800, 21.295454
2017-03-27 15:10:46 +0800, 21.318182
2017-03-27 15:11:10 +0800, 21.272728
2017-03-27 15:11:35 +0800, 21.386364
2017-03-27 15:11:59 +0800, 21.136364
2017-03-27 15:12:24 +0800, 21.454546
2017-03-27 15:12:48 +0800, 21.318182
2017-03-27 15:13:13 +0800, 21.386364
2017-03-27 15:13:37 +0800, 21.272728
2017-03-27 15:14:02 +0800, 21.363636
2017-03-27 15:14:26 +0800, 21.272728
2017-03-27 15:14:51 +0800, 21.295454
2017-03-27 15:15:15 +0800, 21.295454
2017-03-27 15:15:40 +0800, 21.363636
2017-03-27 15:16:04 +0800, 21.136364
2017-03-27 15:16:29 +0800, 21.159090
2017-03-27 15:16:53 +0800, 21.272728
2017-03-27 15:17:18 +0800, 21.272728
2017-03-27 15:17:42 +0800, 21.431818
2017-03-27 15:18:07 +0800, 21.272728
2017-03-27 15:18:31 +0800, 21.250000
2017-03-27 15:18:56 +0800, 21.113636
2017-03-27 15:19:20 +0800, 21.386364
2017-03-27 15:19:45 +0800, 21.068182
2017-03-27 15:20:09 +0800, 21.363636
2017-03-27 15:20:34 +0800, 21.295454
2017-03-27 15:20:58 +0800, 21.250000
2017-03-27 15:21:22 +0800, 21.272728
2017-03-27 15:21:47 +0800, 21.386364
2017-03-27 15:22:11 +0800, 21.159090
2017-03-27 15:22:36 +0800, 21.068182
2017-03-27 15:23:00 +0800, 21.386364
2017-03-27 15:23:25 +0800, 21.431818
2017-03-27 15:23:49 +0800, 21.295454
2017-03-27 15:24:14 +0800, 21.295454
2017-03-27 15:24:38 +0800, 21.227272
2017-03-27 15:25:03 +0800, 21.272728
2017-03-27 15:25:27 +0800, 21.204546
2017-03-27 15:25:52 +0800, 21.250000
2017-03-27 15:26:16 +0800, 21.431818
2017-03-27 15:26:41 +0800, 21.227272
2017-03-27 15:27:05 +0800, 21.318182
2017-03-27 15:27:30 +0800, 21.204546
2017-03-27 15:27:54 +0800, 21.250000
2017-03-27 15:28:19 +0800, 21.295454
2017-03-27 15:28:43 +0800, 21.318182
2017-03-27 15:29:08 +0800, 21.454546
2017-03-27 15:29:32 +0800, 21.613636
2017-03-27 15:29:57 +0800, 21.431818
2017-03-27 15:30:21 +0800, 21.477272
2017-03-27 15:30:46 +0800, 21.181818
2017-03-27 15:31:10 +0800, 21.386364
2017-03-27 15:31:35 +0800, 21.295454
2017-03-27 15:31:59 +0800, 21.477272
2017-03-27 15:32:24 +0800, 21.136364
2017-03-27 15:32:48 +0800, 21.340910
2017-03-27 15:33:13 +0800, 21.340910
2017-03-27 15:33:37 +0800, 21.204546
2017-03-27 15:34:01 +0800, 21.318182
2017-03-27 15:34:26 +0800, 21.409090
2017-03-27 15:34:50 +0800, 21.272728
2017-03-27 15:35:15 +0800, 21.295454
2017-03-27 15:35:39 +0800, 21.340910
2017-03-27 15:36:04 +0800, 21.431818
2017-03-27 15:36:28 +0800, 21.363636
2017-03-27 15:36:53 +0800, 21.318182
2017-03-27 15:37:17 +0800, 21.295454
2017-03-27 15:37:42 +0800, 21.295454
2017-03-27 15:38:06 +0800, 21.250000
2017-03-27 15:38:31 +0800, 21.181818
2017-03-27 15:38:55 +0800, 21.318182
2017-03-27 15:39:20 +0800, 21.431818
2017-03-27 15:39:44 +0800, 21.363636
2017-03-27 15:40:09 +0800, 21.431818
2017-03-27 15:40:33 +0800, 21.340910
2017-03-27 15:40:58 +0800, 21.340910
2017-03-27 15:41:22 +0800, 21.363636
2017-03-27 15:41:47 +0800, 21.409090
2017-03-27 15:42:11 +0800, 21.250000
2017-03-27 15:42:36 +0800, 21.340910
2017-03-27 15:43:00 +0800, 21.477272
2017-03-27 15:43:25 +0800, 21.409090
2017-03-27 15:43:49 +0800, 21.340910
2017-03-27 15:44:14 +0800, 21.477272
2017-03-27 15:44:38 +0800, 21.477272
2017-03-27 15:45:03 +0800, 21.318182
2017-03-27 15:45:27 +0800, 21.295454
2017-03-27 15:45:52 +0800, 21.454546
2017-03-27 15:46:16 +0800, 21.409090
2017-03-27 15:46:40 +0800, 21.386364
2017-03-27 15:47:05 +0800, 21.227272
2017-03-27 15:47:30 +0800, 21.500000
2017-03-27 15:47:54 +0800, 21.409090
2017-03-27 15:48:19 +0800, 21.500000
2017-03-27 15:48:43 +0800, 21.340910
2017-03-27 15:49:08 +0800, 21.545454
2017-03-27 15:49:32 +0800, 21.386364
2017-03-27 15:49:57 +0800, 21.318182
2017-03-27 15:50:21 +0800, 21.568182
2017-03-27 15:50:45 +0800, 21.272728
2017-03-27 15:51:10 +0800, 21.477272
2017-03-27 15:51:34 +0800, 21.568182
2017-03-27 15:51:59 +0800, 21.500000
2017-03-27 15:52:23 +0800, 21.590910
2017-03-27 15:52:48 +0800, 21.477272
2017-03-27 15:53:12 +0800, 21.409090
2017-03-27 15:53:37 +0800, 21.613636
2017-03-27 15:54:01 +0800, 21.386364
2017-03-27 15:54:26 +0800, 21.409090
2017-03-27 15:54:50 +0800, 21.386364
2017-03-27 15:55:15 +0800, 21.386364
2017-03-27 15:55:39 +0800, 21.477272
2017-03-27 15:56:04 +0800, 21.363636
2017-03-27 15:56:28 +0800, 21.522728
2017-03-27 15:56:53 +0800, 21.295454
2017-03-27 15:57:17 +0800, 21.431818
2017-03-27 15:57:42 +0800, 21.590910
2017-03-27 15:58:06 +0800, 21.386364
2017-03-27 15:58:31 +0800, 21.568182
2017-03-27 15:58:55 +0800, 21.181818
2017-03-27 15:59:20 +0800, 21.454546
2017-03-27 15:59:44 +0800, 21.386364
2017-03-27 16:00:09 +0800, 21.227272
2017-03-27 16:00:33 +0800, 21.340910
2017-03-27 16:00:58 +0800, 21.340910
2017-03-27 16:01:22 +0800, 21.681818
2017-03-27 16:01:47 +0800, 21.500000
2017-03-27 16:02:11 +0800, 21.636364
2017-03-27 16:02:36 +0800, 21.568182
2017-03-27 16:03:00 +0800, 21.568182
2017-03-27 16:03:24 +0800, 21.704546
2017-03-27 16:03:49 +0800, 21.590910
2017-03-27 16:04:13 +0800, 21.590910
2017-03-27 16:04:38 +0800, 21.454546
2017-03-27 16:05:02 +0800, 21.545454
2017-03-27 16:05:27 +0800, 21.477272
2017-03-27 16:05:51 +0800, 21.227272
2017-03-27 16:06:16 +0800, 21.363636
2017-03-27 16:06:40 +0800, 21.431818
2017-03-27 16:07:05 +0800, 21.477272
2017-03-27 16:07:29 +0800, 21.522728
2017-03-27 16:07:54 +0800, 21.477272
2017-03-27 16:08:18 +0800, 21.386364
2017-03-27 16:08:43 +0800, 21.386364
2017-03-27 16:09:07 +0800, 21.318182
2017-03-27 16:09:32 +0800, 21.568182
2017-03-27 16:09:56 +0800, 21.454546
2017-03-27 16:10:21 +0800, 21.500000
2017-03-27 16:10:45 +0800, 21.477272
2017-03-27 16:11:10 +0800, 21.386364
2017-03-27 16:11:34 +0800, 21.522728
2017-03-27 16:11:59 +0800, 21.477272
2017-03-27 16:12:23 +0800, 21.386364
2017-03-27 16:12:48 +0800, 21.431818
2017-03-27 16:13:12 +0800, 21.454546
2017-03-27 16:13:37 +0800, 21.522728
2017-03-27 16:14:01 +0800, 21.500000
2017-03-27 16:14:26 +0800, 21.590910
2017-03-27 16:14:50 +0800, 21.477272
2017-03-27 16:15:15 +0800, 21.636364
2017-03-27 16:15:39 +0800, 21.454546
2017-03-27 16:16:03 +0800, 21.409090
2017-03-27 16:16:28 +0800, 21.318182
2017-03-27 16:16:52 +0800, 21.568182
2017-03-27 16:17:17 +0800, 21.272728
2017-03-27 16:17:41 +0800, 21.477272
2017-03-27 16:18:06 +0800, 21.522728
2017-03-27 16:18:30 +0800, 21.431818
2017-03-27 16:18:55 +0800, 21.431818
2017-03-27 16:19:19 +0800, 21.340910
2017-03-27 16:19:44 +0800, 21.454546
2017-03-27 16:20:08 +0800, 21.613636
2017-03-27 16:20:33 +0800, 21.431818
2017-03-27 16:20:57 +0800, 21.363636
2017-03-27 16:21:22 +0800, 21.477272
2017-03-27 16:21:46 +0800, 21.522728
2017-03-27 16:22:11 +0800, 21.545454
2017-03-27 16:22:35 +0800, 21.409090
2017-03-27 16:23:00 +0800, 21.545454
2017-03-27 16:23:24 +0800, 21.545454
2017-03-27 16:23:49 +0800, 21.477272
2017-03-27 16:24:13 +0800, 21.568182
2017-03-27 16:24:38 +0800, 21.363636
2017-03-27 16:25:02 +0800, 21.386364
2017-03-27 16:25:27 +0800, 21.340910
2017-03-27 16:25:51 +0800, 21.545454
2017-03-27 16:26:16 +0800, 21.272728
2017-03-27 16:26:40 +0800, 21.522728
2017-03-27 16:27:05 +0800, 21.590910
2017-03-27 16:27:29 +0800, 21.477272
2017-03-27 16:27:54 +0800, 21.568182
2017-03-27 16:28:18 +0800, 21.454546
2017-03-27 16:28:42 +0800, 21.500000
2017-03-27 16:29:07 +0800, 21.522728
2017-03-27 16:29:31 +0800, 21.522728
2017-03-27 16:29:56 +0800, 21.568182
2017-03-27 16:30:20 +0800, 21.500000
2017-03-27 16:30:45 +0800, 21.522728
2017-03-27 16:31:09 +0800, 21.522728
2017-03-27 16:31:34 +0800, 21.681818
2017-03-27 16:31:58 +0800, 21.636364
2017-03-27 16:32:23 +0800, 21.568182
2017-03-27 16:32:47 +0800, 21.454546
2017-03-27 16:33:12 +0800, 21.477272
2017-03-27 16:33:36 +0800, 21.477272
2017-03-27 16:34:01 +0800, 21.454546
2017-03-27 16:34:25 +0800, 21.522728
2017-03-27 16:34:50 +0800, 21.363636
2017-03-27 16:35:14 +0800, 21.477272
2017-03-27 16:35:39 +0800, 21.477272
2017-03-27 16:36:03 +0800, 21.522728
2017-03-27 16:36:28 +0800, 21.454546
2017-03-27 16:36:52 +0800, 21.590910
2017-03-27 16:37:17 +0800, 21.409090
2017-03-27 16:37:41 +0800, 21.454546
2017-03-27 16:38:06 +0800, 21.613636
2017-03-27 16:38:30 +0800, 21.522728
2017-03-27 16:38:55 +0800, 21.477272
2017-03-27 16:39:19 +0800, 21.636364
2017-03-27 16:39:44 +0800, 21.545454
2017-03-27 16:40:08 +0800, 21.340910
2017-03-27 16:40:32 +0800, 21.568182
2017-03-27 16:40:57 +0800, 21.636364
2017-03-27 16:41:21 +0800, 21.568182
2017-03-27 16:41:46 +0800, 21.636364
2017-03-27 16:42:10 +0800, 21.613636
2017-03-27 16:42:35 +0800, 21.522728
2017-03-27 16:42:59 +0800, 21.568182
2017-03-27 16:43:24 +0800, 21.477272
2017-03-27 16:43:48 +0800, 21.318182
2017-03-27 16:44:13 +0800, 21.500000
2017-03-27 16:44:37 +0800, 21.522728
2017-03-27 16:45:02 +0800, 21.613636
2017-03-27 16:45:26 +0800, 21.477272
2017-03-27 16:45:51 +0800, 21.545454
2017-03-27 16:46:15 +0800, 21.545454
2017-03-27 16:46:40 +0800, 21.727272
2017-03-27 16:47:04 +0800, 21.818182
2017-03-27 16:47:29 +0800, 21.568182
2017-03-27 16:47:53 +0800, 21.568182
2017-03-27 16:48:18 +0800, 21.636364
2017-03-27 16:48:42 +0800, 21.545454
2017-03-27 16:49:07 +0800, 21.727272
2017-03-27 16:49:31 +0800, 21.568182
2017-03-27 16:49:56 +0800, 21.590910
2017-03-27 16:50:20 +0800, 21.522728
2017-03-27 16:50:45 +0800, 21.477272
2017-03-27 16:51:09 +0800, 21.659090
2017-03-27 16:51:34 +0800, 21.522728
2017-03-27 16:51:58 +0800, 21.704546
2017-03-27 16:52:23 +0800, 21.659090
2017-03-27 16:52:47 +0800, 21.568182
2017-03-27 16:53:11 +0800, 21.590910
2017-03-27 16:53:36 +0800, 21.477272
2017-03-27 16:54:00 +0800, 21.500000
2017-03-27 16:54:25 +0800, 21.545454
2017-03-27 16:54:49 +0800, 21.431818
2017-03-27 16:55:14 +0800, 21.659090
2017-03-27 16:55:38 +0800, 21.590910
2017-03-27 16:56:03 +0800, 21.704546
2017-03-27 16:56:27 +0800, 21.659090
2017-03-27 16:56:52 +0800, 21.590910
2017-03-27 16:57:16 +0800, 21.636364
2017-03-27 16:57:41 +0800, 21.545454
2017-03-27 16:58:05 +0800, 21.636364
2017-03-27 16:58:30 +0800, 21.659090
2017-03-27 16:58:54 +0800, 21.522728
2017-03-27 16:59:19 +0800, 21.636364
2017-03-27 16:59:43 +0800, 21.568182
2017-03-27 17:00:08 +0800, 21.522728
2017-03-27 17:00:32 +0800, 21.545454
2017-03-27 17:00:57 +0800, 21.704546
2017-03-27 17:01:21 +0800, 21.590910
2017-03-27 17:01:46 +0800, 21.613636
2017-03-27 17:02:10 +0800, 21.613636
2017-03-27 17:02:35 +0800, 21.613636
2017-03-27 17:02:59 +0800, 21.500000
2017-03-27 17:03:24 +0800, 21.568182
2017-03-27 17:03:48 +0800, 21.522728
2017-03-27 17:04:13 +0800, 21.522728
2017-03-27 17:04:37 +0800, 21.568182
2017-03-27 17:05:02 +0800, 21.636364
2017-03-27 17:05:26 +0800, 21.431818
2017-03-27 17:05:50 +0800, 21.545454
2017-03-27 17:06:15 +0800, 21.568182
2017-03-27 17:06:39 +0800, 21.613636
2017-03-27 17:07:04 +0800, 21.636364
2017-03-27 17:07:28 +0800, 21.500000
2017-03-27 17:07:53 +0800, 21.727272
2017-03-27 17:08:17 +0800, 21.636364
2017-03-27 17:08:42 +0800, 21.750000
2017-03-27 17:09:06 +0800, 21.795454
2017-03-27 17:09:31 +0800, 21.613636
2017-03-27 17:09:55 +0800, 21.477272
2017-03-27 17:10:20 +0800, 21.681818
2017-03-27 17:10:44 +0800, 21.818182
2017-03-27 17:11:09 +0800, 21.704546
2017-03-27 17:11:33 +0800, 21.590910
2017-03-27 17:11:58 +0800, 21.613636
2017-03-27 17:12:22 +0800, 21.863636
2017-03-27 17:12:47 +0800, 21.727272
2017-03-27 17:13:11 +0800, 21.727272
2017-03-27 17:13:36 +0800, 21.613636
2017-03-27 17:14:00 +0800, 21.681818
2017-03-27 17:14:25 +0800, 21.750000
2017-03-27 17:14:49 +0800, 21.636364
2017-03-27 17:15:14 +0800, 21.613636
2017-03-27 17:15:38 +0800, 21.613636
2017-03-27 17:16:03 +0800, 21.636364
2017-03-27 17:16:27 +0800, 21.613636
2017-03-27 17:16:52 +0800, 21.636364
2017-03-27 17:17:16 +0800, 21.795454
2017-03-27 17:17:41 +0800, 21.681818
2017-03-27 17:18:05 +0800, 21.340910
2017-03-27 17:18:29 +0800, 21.659090
2017-03-27 17:18:54 +0800, 21.818182
2017-03-27 17:19:18 +0800, 21.613636
2017-03-27 17:19:43 +0800, 21.795454
2017-03-27 17:20:07 +0800, 21.613636
2017-03-27 17:20:32 +0800, 21.704546
2017-03-27 17:20:56 +0800, 21.681818
2017-03-27 17:21:21 +0800, 21.681818
2017-03-27 17:21:45 +0800, 21.795454
2017-03-27 17:22:10 +0800, 21.750000
2017-03-27 17:22:34 +0800, 21.681818
2017-03-27 17:22:59 +0800, 21.613636
2017-03-27 17:23:23 +0800, 21.613636
2017-03-27 17:23:48 +0800, 21.750000
2017-03-27 17:24:12 +0800, 21.545454
2017-03-27 17:24:37 +0800, 21.636364
2017-03-27 17:25:01 +0800, 21.590910
2017-03-27 17:25:26 +0800, 21.636364
2017-03-27 17:25:50 +0800, 21.704546
2017-03-27 17:26:15 +0800, 21.590910
2017-03-27 17:26:39 +0800, 21.636364
2017-03-27 17:27:04 +0800, 21.477272
2017-03-27 17:27:28 +0800, 21.750000
2017-03-27 17:27:53 +0800, 21.590910
2017-03-27 17:28:17 +0800, 21.545454
2017-03-27 17:28:42 +0800, 21.704546
2017-03-27 17:29:06 +0800, 21.863636
2017-03-27 17:29:31 +0800, 21.454546
2017-03-27 17:29:55 +0800, 21.636364
2017-03-27 17:30:20 +0800, 21.840910
2017-03-27 17:30:44 +0800, 21.750000
2017-03-27 17:31:08 +0800, 21.522728
2017-03-27 17:31:33 +0800, 21.704546
2017-03-27 17:31:57 +0800, 21.750000
2017-03-27 17:32:22 +0800, 21.795454
2017-03-27 17:32:46 +0800, 21.704546
2017-03-27 17:33:11 +0800, 21.750000
2017-03-27 17:33:35 +0800, 21.863636
2017-03-27 17:34:00 +0800, 21.681818
2017-03-27 17:34:24 +0800, 21.931818
2017-03-27 17:34:49 +0800, 21.750000
2017-03-27 17:35:13 +0800, 21.659090
2017-03-27 17:35:38 +0800, 21.636364
2017-03-27 17:36:02 +0800, 21.636364
2017-03-27 17:36:27 +0800, 21.772728
2017-03-27 17:36:51 +0800, 21.772728
2017-03-27 17:37:16 +0800, 21.568182
2017-03-27 17:37:40 +0800, 21.886364
2017-03-27 17:38:05 +0800, 21.636364
2017-03-27 17:38:29 +0800, 21.704546
2017-03-27 17:38:54 +0800, 21.750000
2017-03-27 17:39:18 +0800, 21.681818
2017-03-27 17:39:43 +0800, 21.727272
2017-03-27 17:40:07 +0800, 21.727272
2017-03-27 17:40:32 +0800, 21.795454
2017-03-27 17:40:56 +0800, 21.613636
2017-03-27 17:41:21 +0800, 21.636364
2017-03-27 17:41:45 +0800, 21.727272
2017-03-27 17:42:10 +0800, 21.863636
2017-03-27 17:42:34 +0800, 21.681818
2017-03-27 17:42:58 +0800, 21.613636
2017-03-27 17:43:23 +0800, 21.840910
2017-03-27 17:43:47 +0800, 21.818182
2017-03-27 17:44:12 +0800, 21.795454
2017-03-27 17:44:36 +0800, 21.636364
2017-03-27 17:45:01 +0800, 21.795454
2017-03-27 17:45:25 +0800, 21.909090
2017-03-27 17:45:50 +0800, 21.727272
2017-03-27 17:46:14 +0800, 21.750000
2017-03-27 17:46:39 +0800, 21.795454
2017-03-27 17:47:03 +0800, 21.659090
2017-03-27 17:47:28 +0800, 21.795454
2017-03-27 17:47:52 +0800, 21.477272
2017-03-27 17:48:17 +0800, 21.795454
2017-03-27 17:48:41 +0800, 21.727272
2017-03-27 17:49:06 +0800, 21.681818
2017-03-27 17:49:30 +0800, 21.727272
2017-03-27 17:49:55 +0800, 21.727272
2017-03-27 17:50:19 +0800, 21.704546
2017-03-27 17:50:44 +0800, 21.704546
2017-03-27 17:51:08 +0800, 21.681818
2017-03-27 17:51:33 +0800, 21.590910
2017-03-27 17:51:57 +0800, 21.636364
2017-03-27 17:52:22 +0800, 21.750000
2017-03-27 17:52:46 +0800, 21.704546
2017-03-27 17:53:11 +0800, 21.772728
2017-03-27 17:53:35 +0800, 21.795454
2017-03-27 17:54:00 +0800, 21.750000
2017-03-27 17:54:24 +0800, 21.818182
2017-03-27 17:54:49 +0800, 21.977272
2017-03-27 17:55:13 +0800, 21.954546
2017-03-27 17:55:37 +0800, 21.772728
2017-03-27 17:56:02 +0800, 21.818182
2017-03-27 17:56:26 +0800, 21.818182
2017-03-27 17:56:51 +0800, 21.659090
2017-03-27 17:57:15 +0800, 21.659090
2017-03-27 17:57:40 +0800, 21.795454
2017-03-27 17:58:04 +0800, 21.795454
2017-03-27 17:58:29 +0800, 21.863636
2017-03-27 17:58:53 +0800, 21.727272
2017-03-27 17:59:18 +0800, 21.681818
2017-03-27 17:59:42 +0800, 21.886364
2017-03-27 18:00:07 +0800, 21.750000
2017-03-27 18:00:31 +0800, 21.954546
2017-03-27 18:00:56 +0800, 21.840910
2017-03-27 18:01:20 +0800, 21.977272
2017-03-27 18:01:45 +0800, 21.909090
2017-03-27 18:02:09 +0800, 21.954546
2017-03-27 18:02:34 +0800, 21.909090
2017-03-27 18:02:58 +0800, 21.954546
2017-03-27 18:03:23 +0800, 21.772728
2017-03-27 18:03:47 +0800, 21.931818
2017-03-27 18:04:12 +0800, 21.840910
2017-03-27 18:04:36 +0800, 21.772728
2017-03-27 18:05:01 +0800, 21.772728
2017-03-27 18:05:25 +0800, 21.727272
2017-03-27 18:05:50 +0800, 21.863636
2017-03-27 18:06:14 +0800, 21.795454
2017-03-27 18:06:39 +0800, 21.613636
2017-03-27 18:07:03 +0800, 21.840910
2017-03-27 18:07:28 +0800, 21.818182
2017-03-27 18:07:52 +0800, 21.840910
2017-03-27 18:08:16 +0800, 21.840910
2017-03-27 18:08:41 +0800, 21.818182
2017-03-27 18:09:05 +0800, 21.568182
2017-03-27 18:09:30 +0800, 21.772728
2017-03-27 18:09:54 +0800, 21.636364
2017-03-27 18:10:19 +0800, 21.818182
2017-03-27 18:10:43 +0800, 21.704546
2017-03-27 18:11:08 +0800, 21.886364
2017-03-27 18:11:32 +0800, 21.795454
2017-03-27 18:11:57 +0800, 21.840910
2017-03-27 18:12:21 +0800, 21.772728
2017-03-27 18:12:46 +0800, 21.840910
2017-03-27 18:13:10 +0800, 21.795454
2017-03-27 18:13:35 +0800, 21.909090
2017-03-27 18:13:59 +0800, 21.727272
2017-03-27 18:14:24 +0800, 21.772728
2017-03-27 18:14:48 +0800, 21.772728
2017-03-27 18:15:13 +0800, 21.659090
2017-03-27 18:15:37 +0800, 21.704546
2017-03-27 18:16:02 +0800, 21.750000
2017-03-27 18:16:26 +0800, 21.772728
2017-03-27 18:16:51 +0800, 21.818182
2017-03-27 18:17:15 +0800, 21.727272
2017-03-27 18:17:40 +0800, 21.886364
2017-03-27 18:18:04 +0800, 21.750000
2017-03-27 18:18:29 +0800, 21.795454
2017-03-27 18:18:53 +0800, 21.795454
2017-03-27 18:19:18 +0800, 21.840910
2017-03-27 18:19:42 +0800, 21.772728
2017-03-27 18:20:07 +0800, 21.659090
2017-03-27 18:20:31 +0800, 21.659090
2017-03-27 18:20:55 +0800, 21.568182
2017-03-27 18:21:20 +0800, 21.931818
2017-03-27 18:21:44 +0800, 21.931818
2017-03-27 18:22:09 +0800, 21.954546
2017-03-27 18:22:33 +0800, 21.727272
2017-03-27 18:22:58 +0800, 21.863636
2017-03-27 18:23:22 +0800, 21.818182
2017-03-27 18:23:47 +0800, 21.704546
2017-03-27 18:24:11 +0800, 21.659090
2017-03-27 18:24:36 +0800, 21.909090
2017-03-27 18:25:00 +0800, 21.863636
2017-03-27 18:25:25 +0800, 21.795454
2017-03-27 18:25:49 +0800, 21.750000
2017-03-27 18:26:14 +0800, 21.954546
2017-03-27 18:26:38 +0800, 21.681818
2017-03-27 18:27:03 +0800, 21.750000
2017-03-27 18:27:27 +0800, 21.840910
2017-03-27 18:27:52 +0800, 21.863636
2017-03-27 18:28:16 +0800, 21.863636
2017-03-27 18:28:41 +0800, 21.750000
2017-03-27 18:29:05 +0800, 21.636364
2017-03-27 18:29:30 +0800, 22.022728
2017-03-27 18:29:54 +0800, 21.909090
2017-03-27 18:30:19 +0800, 21.795454
2017-03-27 18:30:43 +0800, 21.818182
2017-03-27 18:31:08 +0800, 21.840910
2017-03-27 18:31:32 +0800, 21.840910
2017-03-27 18:31:57 +0800, 21.704546
2017-03-27 18:32:21 +0800, 22.000000
2017-03-27 18:32:46 +0800, 21.886364
2017-03-27 18:33:10 +0800, 21.818182
2017-03-27 18:33:34 +0800, 21.795454
2017-03-27 18:33:59 +0800, 21.954546
2017-03-27 18:34:23 +0800, 21.840910
2017-03-27 18:34:48 +0800, 21.931818
2017-03-27 18:35:12 +0800, 21.886364
2017-03-27 18:35:37 +0800, 21.931818
2017-03-27 18:36:01 +0800, 21.863636
2017-03-27 18:36:26 +0800, 21.750000
2017-03-27 18:36:50 +0800, 21.772728
2017-03-27 18:37:15 +0800, 21.909090
2017-03-27 18:37:39 +0800, 21.909090
2017-03-27 18:38:04 +0800, 21.931818
2017-03-27 18:38:28 +0800, 21.795454
2017-03-27 18:38:53 +0800, 21.795454
2017-03-27 18:39:17 +0800, 21.818182
2017-03-27 18:39:42 +0800, 21.840910
2017-03-27 18:40:06 +0800, 21.840910
2017-03-27 18:40:31 +0800, 21.954546
2017-03-27 18:40:55 +0800, 21.863636
2017-03-27 18:41:20 +0800, 21.909090
2017-03-27 18:41:44 +0800, 21.863636
2017-03-27 18:42:09 +0800, 21.840910
2017-03-27 18:42:33 +0800, 21.954546
2017-03-27 18:42:58 +0800, 21.750000
2017-03-27 18:43:22 +0800, 21.909090
2017-03-27 18:43:47 +0800, 21.795454
2017-03-27 18:44:11 +0800, 21.886364
2017-03-27 18:44:36 +0800, 21.681818
2017-03-27 18:45:00 +0800, 21.795454
2017-03-27 18:45:24 +0800, 21.681818
2017-03-27 18:45:49 +0800, 21.750000
2017-03-27 18:46:13 +0800, 21.909090
2017-03-27 18:46:38 +0800, 21.909090
2017-03-27 18:47:02 +0800, 21.795454
2017-03-27 18:47:27 +0800, 21.954546
2017-03-27 18:47:51 +0800, 21.954546
2017-03-27 18:48:16 +0800, 21.954546
2017-03-27 18:48:40 +0800, 21.818182
2017-03-27 18:49:05 +0800, 21.727272
2017-03-27 18:49:29 +0800, 21.931818
2017-03-27 18:49:54 +0800, 21.772728
2017-03-27 18:50:18 +0800, 21.931818
2017-03-27 18:50:43 +0800, 21.863636
2017-03-27 18:51:07 +0800, 21.818182
2017-03-27 18:51:32 +0800, 21.840910
2017-03-27 18:51:56 +0800, 21.750000
2017-03-27 18:52:21 +0800, 21.863636
2017-03-27 18:52:45 +0800, 21.886364
2017-03-27 18:53:10 +0800, 21.840910
2017-03-27 18:53:34 +0800, 21.795454
2017-03-27 18:53:59 +0800, 21.795454
2017-03-27 18:54:23 +0800, 21.863636
2017-03-27 18:54:48 +0800, 21.863636
2017-03-27 18:55:12 +0800, 21.795454
2017-03-27 18:55:37 +0800, 21.954546
2017-03-27 18:56:01 +0800, 21.977272
2017-03-27 18:56:26 +0800, 21.840910
2017-03-27 18:56:50 +0800, 21.909090
2017-03-27 18:57:15 +0800, 21.840910
2017-03-27 18:57:39 +0800, 21.931818
2017-03-27 18:58:03 +0800, 21.863636
2017-03-27 18:58:28 +0800, 21.909090
2017-03-27 18:58:52 +0800, 21.886364
2017-03-27 18:59:17 +0800, 21.954546
2017-03-27 18:59:41 +0800, 21.840910
2017-03-27 19:00:06 +0800, 21.977272
2017-03-27 19:00:30 +0800, 21.886364
2017-03-27 19:00:55 +0800, 21.840910
2017-03-27 19:01:19 +0800, 21.931818
2017-03-27 19:01:44 +0800, 21.863636
2017-03-27 19:02:08 +0800, 21.909090
2017-03-27 19:02:33 +0800, 21.818182
2017-03-27 19:02:57 +0800, 21.750000
2017-03-27 19:03:22 +0800, 21.840910
2017-03-27 19:03:46 +0800, 21.863636
2017-03-27 19:04:11 +0800, 22.022728
2017-03-27 19:04:35 +0800, 22.000000
2017-03-27 19:05:00 +0800, 21.840910
2017-03-27 19:05:24 +0800, 21.863636
2017-03-27 19:05:49 +0800, 21.977272
2017-03-27 19:06:13 +0800, 22.090910
2017-03-27 19:06:38 +0800, 22.022728
2017-03-27 19:07:02 +0800, 22.068182
2017-03-27 19:07:27 +0800, 22.022728
2017-03-27 19:07:51 +0800, 21.977272
2017-03-27 19:08:16 +0800, 21.954546
2017-03-27 19:08:40 +0800, 22.000000
2017-03-27 19:09:05 +0800, 21.954546
2017-03-27 19:09:29 +0800, 22.000000
2017-03-27 19:09:54 +0800, 21.977272
2017-03-27 19:10:18 +0800, 21.977272
2017-03-27 19:10:42 +0800, 22.022728
2017-03-27 19:11:07 +0800, 21.886364
2017-03-27 19:11:31 +0800, 21.909090
2017-03-27 19:11:56 +0800, 21.931818
2017-03-27 19:12:20 +0800, 21.954546
2017-03-27 19:12:45 +0800, 21.886364
2017-03-27 19:13:09 +0800, 21.954546
2017-03-27 19:13:34 +0800, 22.000000
2017-03-27 19:13:58 +0800, 21.886364
2017-03-27 19:14:23 +0800, 22.045454
2017-03-27 19:14:47 +0800, 21.954546
2017-03-27 19:15:12 +0800, 22.000000
2017-03-27 19:15:36 +0800, 21.954546
2017-03-27 19:16:01 +0800, 22.022728
2017-03-27 19:16:25 +0800, 21.818182
2017-03-27 19:16:50 +0800, 21.818182
2017-03-27 19:17:14 +0800, 21.931818
2017-03-27 19:17:39 +0800, 22.022728
2017-03-27 19:18:03 +0800, 22.000000
2017-03-27 19:18:28 +0800, 22.113636
2017-03-27 19:18:52 +0800, 21.931818
2017-03-27 19:19:17 +0800, 21.977272
2017-03-27 19:19:41 +0800, 21.863636
2017-03-27 19:20:06 +0800, 21.977272
2017-03-27 19:20:30 +0800, 22.090910
2017-03-27 19:20:55 +0800, 22.181818
2017-03-27 19:21:19 +0800, 21.954546
2017-03-27 19:21:44 +0800, 22.090910
2017-03-27 19:22:08 +0800, 21.909090
2017-03-27 19:22:33 +0800, 21.840910
2017-03-27 19:22:57 +0800, 22.068182
2017-03-27 19:23:21 +0800, 21.931818
2017-03-27 19:23:46 +0800, 22.000000
2017-03-27 19:24:10 +0800, 21.886364
2017-03-27 19:24:35 +0800, 22.045454
2017-03-27 19:24:59 +0800, 22.113636
2017-03-27 19:25:24 +0800, 21.931818
2017-03-27 19:25:48 +0800, 21.681818
2017-03-27 19:26:13 +0800, 21.795454
2017-03-27 19:26:37 +0800, 21.977272
2017-03-27 19:27:02 +0800, 21.977272
2017-03-27 19:27:26 +0800, 21.795454
2017-03-27 19:27:51 +0800, 21.909090
2017-03-27 19:28:15 +0800, 22.000000
2017-03-27 19:28:40 +0800, 21.977272
2017-03-27 19:29:04 +0800, 22.090910
2017-03-27 19:29:29 +0800, 21.909090
2017-03-27 19:29:53 +0800, 21.931818
2017-03-27 19:30:18 +0800, 22.022728
2017-03-27 19:30:42 +0800, 21.977272
2017-03-27 19:31:07 +0800, 21.886364
2017-03-27 19:31:31 +0800, 21.863636
2017-03-27 19:31:56 +0800, 22.022728
2017-03-27 19:32:20 +0800, 22.022728
2017-03-27 19:32:45 +0800, 22.136364
2017-03-27 19:33:09 +0800, 22.022728
2017-03-27 19:33:34 +0800, 21.977272
2017-03-27 19:33:58 +0800, 21.909090
2017-03-27 19:34:23 +0800, 21.886364
2017-03-27 19:34:47 +0800, 21.954546
2017-03-27 19:35:12 +0800, 22.113636
2017-03-27 19:35:36 +0800, 21.954546
2017-03-27 19:36:00 +0800, 22.022728
2017-03-27 19:36:25 +0800, 22.045454
2017-03-27 19:36:49 +0800, 22.000000
2017-03-27 19:37:14 +0800, 22.045454
2017-03-27 19:37:38 +0800, 22.136364
2017-03-27 19:38:03 +0800, 22.136364
2017-03-27 19:38:27 +0800, 22.022728
2017-03-27 19:38:52 +0800, 22.113636
2017-03-27 19:39:16 +0800, 22.045454
2017-03-27 19:39:41 +0800, 22.068182
2017-03-27 19:40:05 +0800, 22.113636
2017-03-27 19:40:30 +0800, 21.977272
2017-03-27 19:40:54 +0800, 21.931818
2017-03-27 19:41:19 +0800, 22.000000
2017-03-27 19:41:43 +0800, 22.090910
2017-03-27 19:42:08 +0800, 22.000000
2017-03-27 19:42:32 +0800, 21.977272
2017-03-27 19:42:57 +0800, 22.068182
2017-03-27 19:43:21 +0800, 21.954546
2017-03-27 19:43:46 +0800, 21.977272
2017-03-27 19:44:10 +0800, 21.977272
2017-03-27 19:44:35 +0800, 21.977272
2017-03-27 19:44:59 +0800, 22.136364
2017-03-27 19:45:24 +0800, 22.022728
2017-03-27 19:45:48 +0800, 22.045454
2017-03-27 19:46:13 +0800, 22.045454
2017-03-27 19:46:37 +0800, 22.181818
2017-03-27 19:47:02 +0800, 22.090910
2017-03-27 19:47:26 +0800, 22.000000
2017-03-27 19:47:50 +0800, 22.068182
2017-03-27 19:48:15 +0800, 22.068182
2017-03-27 19:48:39 +0800, 22.204546
2017-03-27 19:49:04 +0800, 22.227272
2017-03-27 19:49:28 +0800, 22.000000
2017-03-27 19:49:53 +0800, 21.886364
2017-03-27 19:50:17 +0800, 22.022728
2017-03-27 19:50:42 +0800, 22.068182
2017-03-27 19:51:06 +0800, 21.954546
2017-03-27 19:51:31 +0800, 21.840910
2017-03-27 19:51:55 +0800, 21.954546
2017-03-27 19:52:20 +0800, 22.045454
2017-03-27 19:52:44 +0800, 22.022728
2017-03-27 19:53:09 +0800, 22.022728
2017-03-27 19:53:33 +0800, 21.954546
2017-03-27 19:53:58 +0800, 22.000000
2017-03-27 19:54:22 +0800, 22.045454
2017-03-27 19:54:47 +0800, 22.045454
2017-03-27 19:55:11 +0800, 22.000000
2017-03-27 19:55:36 +0800, 22.045454
2017-03-27 19:56:00 +0800, 22.068182
2017-03-27 19:56:25 +0800, 21.863636
2017-03-27 19:56:49 +0800, 22.000000
2017-03-27 19:57:14 +0800, 21.931818
2017-03-27 19:57:38 +0800, 22.090910
2017-03-27 19:58:03 +0800, 21.931818
2017-03-27 19:58:27 +0800, 22.090910
2017-03-27 19:58:52 +0800, 21.977272
2017-03-27 19:59:16 +0800, 22.181818
2017-03-27 19:59:41 +0800, 22.045454
2017-03-27 20:00:05 +0800, 22.090910
2017-03-27 20:00:29 +0800, 21.954546
2017-03-27 20:00:54 +0800, 22.022728
2017-03-27 20:01:18 +0800, 22.000000
2017-03-27 20:01:43 +0800, 21.840910
2017-03-27 20:02:07 +0800, 22.159090
2017-03-27 20:02:32 +0800, 22.136364
2017-03-27 20:02:56 +0800, 22.022728
2017-03-27 20:03:21 +0800, 21.840910
2017-03-27 20:03:45 +0800, 21.954546
2017-03-27 20:04:10 +0800, 22.113636
2017-03-27 20:04:34 +0800, 22.113636
2017-03-27 20:04:59 +0800, 22.250000
2017-03-27 20:05:23 +0800, 22.068182
2017-03-27 20:05:48 +0800, 22.159090
2017-03-27 20:06:12 +0800, 22.045454
2017-03-27 20:06:37 +0800, 21.954546
2017-03-27 20:07:01 +0800, 21.977272
2017-03-27 20:07:26 +0800, 22.090910
2017-03-27 20:07:50 +0800, 22.136364
2017-03-27 20:08:15 +0800, 21.886364
2017-03-27 20:08:39 +0800, 22.045454
2017-03-27 20:09:04 +0800, 21.954546
2017-03-27 20:09:28 +0800, 22.068182
2017-03-27 20:09:53 +0800, 22.000000
2017-03-27 20:10:17 +0800, 22.022728
2017-03-27 20:10:42 +0800, 21.886364
2017-03-27 20:11:06 +0800, 22.136364
2017-03-27 20:11:31 +0800, 22.000000
2017-03-27 20:11:55 +0800, 22.068182
2017-03-27 20:12:20 +0800, 21.909090
2017-03-27 20:12:44 +0800, 22.022728
2017-03-27 20:13:08 +0800, 22.045454
2017-03-27 20:13:33 +0800, 22.022728
2017-03-27 20:13:57 +0800, 21.977272
2017-03-27 20:14:22 +0800, 22.090910
2017-03-27 20:14:46 +0800, 21.954546
2017-03-27 20:15:11 +0800, 22.204546
2017-03-27 20:15:35 +0800, 22.000000
2017-03-27 20:16:00 +0800, 22.136364
2017-03-27 20:16:24 +0800, 21.954546
2017-03-27 20:16:49 +0800, 22.090910
2017-03-27 20:17:13 +0800, 22.159090
2017-03-27 20:17:38 +0800, 21.977272
2017-03-27 20:18:02 +0800, 22.204546
2017-03-27 20:18:27 +0800, 22.181818
2017-03-27 20:18:51 +0800, 22.318182
2017-03-27 20:19:16 +0800, 22.250000
2017-03-27 20:19:40 +0800, 22.159090
2017-03-27 20:20:05 +0800, 22.227272
2017-03-27 20:20:29 +0800, 22.000000
2017-03-27 20:20:54 +0800, 22.113636
2017-03-27 20:21:18 +0800, 22.113636
2017-03-27 20:21:43 +0800, 22.113636
2017-03-27 20:22:07 +0800, 22.045454
2017-03-27 20:22:32 +0800, 22.068182
2017-03-27 20:22:56 +0800, 22.090910
2017-03-27 20:23:21 +0800, 22.113636
2017-03-27 20:23:45 +0800, 21.954546
2017-03-27 20:24:10 +0800, 22.204546
2017-03-27 20:24:34 +0800, 22.090910
2017-03-27 20:24:59 +0800, 22.227272
2017-03-27 20:25:23 +0800, 22.136364
2017-03-27 20:25:47 +0800, 22.113636
2017-03-27 20:26:12 +0800, 22.181818
2017-03-27 20:26:36 +0800, 22.136364
2017-03-27 20:27:01 +0800, 21.931818
2017-03-27 20:27:25 +0800, 22.227272
2017-03-27 20:27:50 +0800, 22.113636
2017-03-27 20:28:14 +0800, 22.000000
2017-03-27 20:28:39 +0800, 22.113636
2017-03-27 20:29:03 +0800, 22.227272
2017-03-27 20:29:28 +0800, 22.181818
2017-03-27 20:29:52 +0800, 22.204546
2017-03-27 20:30:17 +0800, 22.204546
2017-03-27 20:30:41 +0800, 22.227272
2017-03-27 20:31:06 +0800, 22.113636
2017-03-27 20:31:30 +0800, 22.227272
2017-03-27 20:31:55 +0800, 22.113636
2017-03-27 20:32:19 +0800, 22.204546
2017-03-27 20:32:44 +0800, 22.227272
2017-03-27 20:33:08 +0800, 22.000000
2017-03-27 20:33:33 +0800, 22.068182
2017-03-27 20:33:57 +0800, 22.181818
2017-03-27 20:34:22 +0800, 22.159090
2017-03-27 20:34:46 +0800, 22.113636
2017-03-27 20:35:11 +0800, 22.136364
2017-03-27 20:35:35 +0800, 21.931818
2017-03-27 20:36:00 +0800, 22.136364
2017-03-27 20:36:24 +0800, 22.136364
2017-03-27 20:36:49 +0800, 22.159090
2017-03-27 20:37:13 +0800, 22.136364
2017-03-27 20:37:37 +0800, 22.159090
2017-03-27 20:38:02 +0800, 22.068182
2017-03-27 20:38:26 +0800, 22.159090
2017-03-27 20:38:51 +0800, 22.272728
2017-03-27 20:39:15 +0800, 22.113636
2017-03-27 20:39:40 +0800, 22.136364
2017-03-27 20:40:04 +0800, 21.954546
2017-03-27 20:40:29 +0800, 22.068182
2017-03-27 20:40:53 +0800, 22.000000
2017-03-27 20:41:18 +0800, 22.181818
2017-03-27 20:41:42 +0800, 22.022728
2017-03-27 20:42:07 +0800, 22.045454
2017-03-27 20:42:31 +0800, 21.954546
2017-03-27 20:42:56 +0800, 21.954546
2017-03-27 20:43:20 +0800, 22.090910
2017-03-27 20:43:45 +0800, 22.159090
2017-03-27 20:44:09 +0800, 22.136364
2017-03-27 20:44:34 +0800, 22.272728
2017-03-27 20:44:58 +0800, 22.250000
2017-03-27 20:45:23 +0800, 22.204546
2017-03-27 20:45:47 +0800, 22.204546
2017-03-27 20:46:12 +0800, 22.022728
2017-03-27 20:46:36 +0800, 21.931818
2017-03-27 20:47:01 +0800, 22.181818
2017-03-27 20:47:25 +0800, 22.204546
2017-03-27 20:47:50 +0800, 22.340910
2017-03-27 20:48:14 +0800, 22.136364
2017-03-27 20:48:39 +0800, 22.181818
2017-03-27 20:49:03 +0800, 22.113636
2017-03-27 20:49:28 +0800, 22.159090
2017-03-27 20:49:52 +0800, 22.113636
2017-03-27 20:50:16 +0800, 22.181818
2017-03-27 20:50:41 +0800, 22.272728
2017-03-27 20:51:05 +0800, 22.113636
2017-03-27 20:51:30 +0800, 22.159090
2017-03-27 20:51:54 +0800, 22.113636
2017-03-27 20:52:19 +0800, 22.272728
2017-03-27 20:52:43 +0800, 22.113636
2017-03-27 20:53:08 +0800, 22.250000
2017-03-27 20:53:32 +0800, 22.295454
2017-03-27 20:53:57 +0800, 22.113636
2017-03-27 20:54:21 +0800, 22.159090
2017-03-27 20:54:46 +0800, 22.181818
2017-03-27 20:55:10 +0800, 22.090910
2017-03-27 20:55:35 +0800, 22.022728
2017-03-27 20:55:59 +0800, 21.977272
2017-03-27 20:56:24 +0800, 21.954546
2017-03-27 20:56:48 +0800, 22.159090
2017-03-27 20:57:13 +0800, 21.977272
2017-03-27 20:57:37 +0800, 22.090910
2017-03-27 20:58:02 +0800, 22.068182
2017-03-27 20:58:26 +0800, 22.045454
2017-03-27 20:58:51 +0800, 22.113636
2017-03-27 20:59:15 +0800, 22.181818
2017-03-27 20:59:40 +0800, 22.136364
2017-03-27 21:00:04 +0800, 21.977272
2017-03-27 21:00:29 +0800, 22.318182
2017-03-27 21:00:53 +0800, 22.159090
2017-03-27 21:01:18 +0800, 22.181818
2017-03-27 21:01:42 +0800, 22.045454
2017-03-27 21:02:07 +0800, 22.113636
2017-03-27 21:02:31 +0800, 22.386364
2017-03-27 21:02:55 +0800, 22.136364
2017-03-27 21:03:20 +0800, 22.022728
2017-03-27 21:03:44 +0800, 22.386364
2017-03-27 21:04:09 +0800, 22.250000
2017-03-27 21:04:33 +0800, 22.181818
2017-03-27 21:04:58 +0800, 22.159090
2017-03-27 21:05:22 +0800, 22.250000
2017-03-27 21:05:47 +0800, 22.136364
2017-03-27 21:06:11 +0800, 22.113636
2017-03-27 21:06:36 +0800, 22.250000
2017-03-27 21:07:00 +0800, 22.159090
2017-03-27 21:07:25 +0800, 22.068182
2017-03-27 21:07:49 +0800, 22.272728
2017-03-27 21:08:14 +0800, 22.295454
2017-03-27 21:08:38 +0800, 22.181818
2017-03-27 21:09:03 +0800, 22.318182
2017-03-27 21:09:27 +0800, 22.250000
2017-03-27 21:09:52 +0800, 22.386364
2017-03-27 21:10:16 +0800, 22.250000
2017-03-27 21:10:41 +0800, 22.272728
2017-03-27 21:11:05 +0800, 22.090910
2017-03-27 21:11:30 +0800, 22.340910
2017-03-27 21:11:54 +0800, 22.159090
2017-03-27 21:12:19 +0800, 22.113636
2017-03-27 21:12:43 +0800, 22.227272
2017-03-27 21:13:08 +0800, 22.181818
2017-03-27 21:13:32 +0800, 22.136364
2017-03-27 21:13:57 +0800, 22.295454
2017-03-27 21:14:21 +0800, 22.090910
2017-03-27 21:14:46 +0800, 22.272728
2017-03-27 21:15:10 +0800, 22.181818
2017-03-27 21:15:34 +0800, 22.227272
2017-03-27 21:15:59 +0800, 22.250000
2017-03-27 21:16:23 +0800, 22.340910
2017-03-27 21:16:48 +0800, 22.159090
2017-03-27 21:17:12 +0800, 22.227272
2017-03-27 21:17:37 +0800, 22.227272
2017-03-27 21:18:01 +0800, 22.204546
2017-03-27 21:18:26 +0800, 22.272728
2017-03-27 21:18:50 +0800, 22.181818
2017-03-27 21:19:15 +0800, 22.113636
2017-03-27 21:19:39 +0800, 22.136364
2017-03-27 21:20:04 +0800, 22.318182
2017-03-27 21:20:28 +0800, 22.204546
2017-03-27 21:20:53 +0800, 22.136364
2017-03-27 21:21:17 +0800, 22.181818
2017-03-27 21:21:42 +0800, 22.159090
2017-03-27 21:22:06 +0800, 22.045454
2017-03-27 21:22:31 +0800, 22.022728
2017-03-27 21:22:55 +0800, 22.045454
2017-03-27 21:23:20 +0800, 22.090910
2017-03-27 21:23:44 +0800, 22.250000
2017-03-27 21:24:09 +0800, 22.113636
2017-03-27 21:24:33 +0800, 22.181818
2017-03-27 21:24:58 +0800, 22.113636
2017-03-27 21:25:22 +0800, 22.068182
2017-03-27 21:25:47 +0800, 22.227272
2017-03-27 21:26:11 +0800, 21.977272
2017-03-27 21:26:36 +0800, 22.272728
2017-03-27 21:27:00 +0800, 22.181818
2017-03-27 21:27:25 +0800, 22.045454
2017-03-27 21:27:49 +0800, 22.113636
2017-03-27 21:28:13 +0800, 22.227272
2017-03-27 21:28:38 +0800, 22.272728
2017-03-27 21:29:02 +0800, 22.181818
2017-03-27 21:29:27 +0800, 22.204546
2017-03-27 21:29:51 +0800, 22.204546
2017-03-27 21:30:16 +0800, 22.090910
2017-03-27 21:30:40 +0800, 22.113636
2017-03-27 21:31:05 +0800, 22.113636
2017-03-27 21:31:29 +0800, 22.272728
2017-03-27 21:31:54 +0800, 22.318182
2017-03-27 21:32:18 +0800, 22.295454
2017-03-27 21:32:43 +0800, 22.113636
2017-03-27 21:33:07 +0800, 22.068182
2017-03-27 21:33:32 +0800, 22.136364
2017-03-27 21:33:56 +0800, 22.022728
2017-03-27 21:34:21 +0800, 22.045454
2017-03-27 21:34:45 +0800, 22.090910
2017-03-27 21:35:10 +0800, 22.181818
2017-03-27 21:35:34 +0800, 22.227272
2017-03-27 21:35:59 +0800, 22.250000
2017-03-27 21:36:23 +0800, 22.159090
2017-03-27 21:36:48 +0800, 21.954546
2017-03-27 21:37:12 +0800, 22.045454
2017-03-27 21:37:37 +0800, 22.181818
2017-03-27 21:38:01 +0800, 22.340910
2017-03-27 21:38:26 +0800, 22.136364
2017-03-27 21:38:50 +0800, 22.068182
2017-03-27 21:39:15 +0800, 22.204546
2017-03-27 21:39:39 +0800, 22.318182
2017-03-27 21:40:04 +0800, 22.068182
2017-03-27 21:40:28 +0800, 22.250000
2017-03-27 21:40:52 +0800, 22.090910
2017-03-27 21:41:17 +0800, 22.295454
2017-03-27 21:41:41 +0800, 22.045454
2017-03-27 21:42:06 +0800, 22.181818
2017-03-27 21:42:30 +0800, 22.204546
2017-03-27 21:42:55 +0800, 22.204546
2017-03-27 21:43:19 +0800, 22.068182
2017-03-27 21:43:44 +0800, 22.250000
2017-03-27 21:44:08 +0800, 22.045454
2017-03-27 21:44:33 +0800, 22.250000
2017-03-27 21:44:57 +0800, 22.204546
2017-03-27 21:45:22 +0800, 22.272728
2017-03-27 21:45:46 +0800, 22.159090
2017-03-27 21:46:11 +0800, 22.136364
2017-03-27 21:46:35 +0800, 22.136364
2017-03-27 21:47:00 +0800, 22.181818
2017-03-27 21:47:24 +0800, 22.272728
2017-03-27 21:47:49 +0800, 22.159090
2017-03-27 21:48:13 +0800, 22.068182
2017-03-27 21:48:38 +0800, 22.272728
2017-03-27 21:49:02 +0800, 22.113636
2017-03-27 21:49:27 +0800, 22.204546
2017-03-27 21:49:51 +0800, 22.113636
2017-03-27 21:50:16 +0800, 22.250000
2017-03-27 21:50:40 +0800, 22.136364
2017-03-27 21:51:05 +0800, 22.250000
2017-03-27 21:51:29 +0800, 22.204546
2017-03-27 21:51:54 +0800, 22.272728
2017-03-27 21:52:18 +0800, 22.159090
2017-03-27 21:52:42 +0800, 22.022728
2017-03-27 21:53:07 +0800, 22.272728
2017-03-27 21:53:31 +0800, 22.113636
2017-03-27 21:53:56 +0800, 22.136364
2017-03-27 21:54:20 +0800, 22.318182
2017-03-27 21:54:45 +0800, 22.181818
2017-03-27 21:55:09 +0800, 22.272728
2017-03-27 21:55:34 +0800, 22.227272
2017-03-27 21:55:58 +0800, 22.272728
2017-03-27 21:56:23 +0800, 22.318182
2017-03-27 21:56:47 +0800, 22.136364
2017-03-27 21:57:12 +0800, 22.272728
2017-03-27 21:57:36 +0800, 22.272728
2017-03-27 21:58:01 +0800, 22.204546
2017-03-27 21:58:25 +0800, 22.204546
2017-03-27 21:58:50 +0800, 22.159090
2017-03-27 21:59:14 +0800, 22.136364
2017-03-27 21:59:39 +0800, 21.977272
